id,label,number_corners,length_width_ratio,perimeter_area_ratio,ratio_of_areas,solidity,,,,,,,,,,,,,,,,,,,,,,,,,,,,,,,
1562,Acer,34,1.526595745,0.013749363,1.641284592,1,,,,,,,,,,,,,,,,,,,,,,,,,,,,,,,
610,Acer,30,1.887905605,0.013592838,1.647543038,0.92615858,,,,,,,,,,,,,,,,,,,,,,,,,,,,,,,
498,Acer,35,1.494845361,0.013891426,1.712946048,1,,,,,,,,,,,,,,,,,,,,,,,,,,,,,,,
1377,Acer,37,1.546174142,0.013899984,1.689711577,1,,,,,,,,,,,,,,,,,,,,,,,,,,,,,,,
1525,Acer,33,1.541114058,0.013670077,1.666250808,0.9157141,,,,,,,,,,,,,,,,,,,,,,,,,,,,,,,
227,Acer,31,1.573369565,0.013367011,1.62102204,0.922931293,,,,,,,,,,,,,,,,,,,,,,,,,,,,,,,
990,Acer,32,1.607142857,0.013491508,1.620350642,1,,,,,,,,,,,,,,,,,,,,,,,,,,,,,,,
201,Acer,34,1.702777778,0.013828427,1.679503181,1,,,,,,,,,,,,,,,,,,,,,,,,,,,,,,,
569,Acer,36,1.648351648,0.013584498,1.660243107,0.92636201,,,,,,,,,,,,,,,,,,,,,,,,,,,,,,,
1196,Acer,34,1.996969697,0.013902183,1.652080769,0.919305881,,,,,,,,,,,,,,,,,,,,,,,,,,,,,,,
160,Acer,27,1.164835165,0.023676081,1.895579993,0.70187731,,,,,,,,,,,,,,,,,,,,,,,,,,,,,,,
1000,Acer,43,1.171111111,0.024082421,1.796522859,0.699553305,,,,,,,,,,,,,,,,,,,,,,,,,,,,,,,
164,Acer,43,1.104575163,0.022470764,1.826489287,0.72672881,,,,,,,,,,,,,,,,,,,,,,,,,,,,,,,
962,Acer,43,1.093023256,0.021741849,1.798637825,0.739147072,,,,,,,,,,,,,,,,,,,,,,,,,,,,,,,
235,Acer,38,1.076131687,0.022827532,1.920005439,0.664970949,,,,,,,,,,,,,,,,,,,,,,,,,,,,,,,
496,Acer,40,1.063291139,0.021813598,1.771305702,0.711745095,,,,,,,,,,,,,,,,,,,,,,,,,,,,,,,
1506,Acer,34,1.16744186,0.024421135,1.834857706,0.711088904,,,,,,,,,,,,,,,,,,,,,,,,,,,,,,,
1019,Acer,34,1.146993318,0.023926223,1.917705405,0.700150759,,,,,,,,,,,,,,,,,,,,,,,,,,,,,,,
268,Acer,39,1.141860465,0.023889268,1.737423777,0.725907743,,,,,,,,,,,,,,,,,,,,,,,,,,,,,,,
166,Acer,41,1.11409396,0.025804091,1.939279367,0.692730691,,,,,,,,,,,,,,,,,,,,,,,,,,,,,,,
1556,Acer,5,1.484641638,0.021474028,2.12332989,0.788562884,,,,,,,,,,,,,,,,,,,,,,,,,,,,,,,
807,Acer,6,1.347079038,0.021214836,2.043934779,0.826379936,,,,,,,,,,,,,,,,,,,,,,,,,,,,,,,
288,Acer,4,1.344512195,0.022639891,2.215706999,0.685094317,,,,,,,,,,,,,,,,,,,,,,,,,,,,,,,
892,Acer,7,1.466898955,0.020406826,1.978888925,0.792322641,,,,,,,,,,,,,,,,,,,,,,,,,,,,,,,
1005,Acer,3,1.473509934,0.020564435,2.087352251,0.796381931,,,,,,,,,,,,,,,,,,,,,,,,,,,,,,,
1519,Acer,5,1.402255639,0.020598943,1.815085158,0.847418513,,,,,,,,,,,,,,,,,,,,,,,,,,,,,,,
489,Acer,5,1.350453172,0.019585335,2.096807109,0.795393533,,,,,,,,,,,,,,,,,,,,,,,,,,,,,,,
216,Acer,3,1.393491124,0.021944275,2.373291194,0.687627961,,,,,,,,,,,,,,,,,,,,,,,,,,,,,,,
499,Acer,6,1.205633803,0.02026312,2.172744173,0.729439086,,,,,,,,,,,,,,,,,,,,,,,,,,,,,,,
1342,Acer,5,1.292418773,0.024912369,2.069061926,0.759899995,,,,,,,,,,,,,,,,,,,,,,,,,,,,,,,
1320,Acer,17,1.121779859,0.013794679,1.557100986,0.849644595,,,,,,,,,,,,,,,,,,,,,,,,,,,,,,,
1,Acer,5,1.139150943,0.013434664,1.557934135,0.878913582,,,,,,,,,,,,,,,,,,,,,,,,,,,,,,,
1450,Acer,8,1.065759637,0.013600736,1.57575435,0.868118747,,,,,,,,,,,,,,,,,,,,,,,,,,,,,,,
906,Acer,11,1.063781321,0.013099076,1.55860753,0.865494769,,,,,,,,,,,,,,,,,,,,,,,,,,,,,,,
1504,Acer,7,1.070135747,0.013319438,1.590315072,0.839661171,,,,,,,,,,,,,,,,,,,,,,,,,,,,,,,
1159,Acer,3,1.073634204,0.012449585,1.448078533,0.900587379,,,,,,,,,,,,,,,,,,,,,,,,,,,,,,,
1125,Acer,4,1.049773756,0.012774153,1.561278633,0.887491621,,,,,,,,,,,,,,,,,,,,,,,,,,,,,,,
1002,Acer,8,1.183962264,0.013153798,1.616489333,0.875692339,,,,,,,,,,,,,,,,,,,,,,,,,,,,,,,
317,Acer,6,1.00886918,0.012971294,1.562074189,0.86768894,,,,,,,,,,,,,,,,,,,,,,,,,,,,,,,
1270,Acer,9,1.030769231,0.013868286,1.623380575,0.820863391,,,,,,,,,,,,,,,,,,,,,,,,,,,,,,,
324,Acer,7,1.163212435,0.043249605,2.582074432,0.487504842,,,,,,,,,,,,,,,,,,,,,,,,,,,,,,,
27,Acer,7,1.12596401,0.047282921,2.8771995,0.438322096,,,,,,,,,,,,,,,,,,,,,,,,,,,,,,,
118,Acer,19,1.034825871,0.047496553,2.811661455,0.454465475,,,,,,,,,,,,,,,,,,,,,,,,,,,,,,,
1041,Acer,12,1.095,0.048223019,2.856211281,0.445610141,,,,,,,,,,,,,,,,,,,,,,,,,,,,,,,
1088,Acer,14,1.237726098,0.043428957,2.840704303,0.461840696,,,,,,,,,,,,,,,,,,,,,,,,,,,,,,,
203,Acer,3,1.150793651,0.048424084,2.923044104,0.428927075,,,,,,,,,,,,,,,,,,,,,,,,,,,,,,,
960,Acer,6,1.075268817,0.046853252,2.798781176,0.457956805,,,,,,,,,,,,,,,,,,,,,,,,,,,,,,,
1551,Acer,12,1.141791045,0.048389646,2.915989759,0.440072273,,,,,,,,,,,,,,,,,,,,,,,,,,,,,,,
1370,Acer,13,1.139325843,0.039944763,2.884807181,0.460563202,,,,,,,,,,,,,,,,,,,,,,,,,,,,,,,
1085,Acer,10,1.135391924,0.043616281,2.917000058,0.474274674,,,,,,,,,,,,,,,,,,,,,,,,,,,,,,,
362,Acer,4,1.242735043,0.021469433,3.231012923,0,,,,,,,,,,,,,,,,,,,,,,,,,,,,,,,
1538,Acer,6,1.261946903,0.020200484,3.063879466,0.504113918,,,,,,,,,,,,,,,,,,,,,,,,,,,,,,,
949,Acer,7,1.285204991,0.020689969,3.068829996,0.488605002,,,,,,,,,,,,,,,,,,,,,,,,,,,,,,,
1578,Acer,6,1.281786942,0.021882054,3.299956677,0,,,,,,,,,,,,,,,,,,,,,,,,,,,,,,,
956,Acer,5,1.220168067,0.021685886,3.285742538,0,,,,,,,,,,,,,,,,,,,,,,,,,,,,,,,
1417,Acer,6,1.301587302,0.020711025,3.178014567,0.463506075,,,,,,,,,,,,,,,,,,,,,,,,,,,,,,,
311,Acer,8,1.211505922,0.019884035,3.21146899,0.502681464,,,,,,,,,,,,,,,,,,,,,,,,,,,,,,,
810,Acer,5,1.342198582,0.022038777,3.242388572,0.455360302,,,,,,,,,,,,,,,,,,,,,,,,,,,,,,,
915,Acer,6,1.329136691,0.021323289,3.120156128,0.473592988,,,,,,,,,,,,,,,,,,,,,,,,,,,,,,,
146,Acer,4,1.358208955,0.023153144,2.965061321,0.440460711,,,,,,,,,,,,,,,,,,,,,,,,,,,,,,,
38,Acer,5,1.382892057,0.016940635,1.948196369,0.687915142,,,,,,,,,,,,,,,,,,,,,,,,,,,,,,,
322,Acer,8,1.30653951,0.01429655,1.934530484,0.645164211,,,,,,,,,,,,,,,,,,,,,,,,,,,,,,,
511,Acer,3,1.430930931,0.011684787,1.888543731,0.676307642,,,,,,,,,,,,,,,,,,,,,,,,,,,,,,,
408,Acer,5,1.306985294,0.015835955,1.984800357,0.690351527,,,,,,,,,,,,,,,,,,,,,,,,,,,,,,,
589,Acer,3,1.380555556,0.012895451,2.113837947,0.633796284,,,,,,,,,,,,,,,,,,,,,,,,,,,,,,,
1467,Acer,6,1.385185185,0.015329871,2.013017433,0.640243498,,,,,,,,,,,,,,,,,,,,,,,,,,,,,,,
754,Acer,10,1.383147854,0.013600475,2.00771195,0.677502609,,,,,,,,,,,,,,,,,,,,,,,,,,,,,,,
1512,Acer,9,1.247960848,0.014785439,2.09663069,0.654141311,,,,,,,,,,,,,,,,,,,,,,,,,,,,,,,
331,Acer,9,1.206578947,0.013478492,2.073605065,0.644722292,,,,,,,,,,,,,,,,,,,,,,,,,,,,,,,
1011,Acer,7,1.199677939,0.014349176,1.995363581,0.678054995,,,,,,,,,,,,,,,,,,,,,,,,,,,,,,,
238,Acer,45,1.058192956,0.012725146,1.839166711,0.748488005,,,,,,,,,,,,,,,,,,,,,,,,,,,,,,,
727,Acer,40,1.112,0.01248197,1.735549243,0.763190759,,,,,,,,,,,,,,,,,,,,,,,,,,,,,,,
698,Acer,38,1.012288786,0.013349947,1.843336842,0.74331494,,,,,,,,,,,,,,,,,,,,,,,,,,,,,,,
1154,Acer,37,1.084795322,0.013031877,2.067534372,0.717188174,,,,,,,,,,,,,,,,,,,,,,,,,,,,,,,
1243,Acer,49,1.005617978,0.011987877,1.970759013,0.746998865,,,,,,,,,,,,,,,,,,,,,,,,,,,,,,,
1245,Acer,45,1.104361371,0.012691447,1.829280349,0.747855887,,,,,,,,,,,,,,,,,,,,,,,,,,,,,,,
873,Acer,33,1.032626427,0.013979449,1.990617096,0.725030133,,,,,,,,,,,,,,,,,,,,,,,,,,,,,,,
1117,Acer,31,1.057239057,0.01462655,2.074589845,0.716543271,,,,,,,,,,,,,,,,,,,,,,,,,,,,,,,
1165,Acer,37,1.053380783,0.015988843,2.199070677,0.72576467,,,,,,,,,,,,,,,,,,,,,,,,,,,,,,,
1216,Acer,41,1.019077901,0.013032596,1.914941415,0.758722328,,,,,,,,,,,,,,,,,,,,,,,,,,,,,,,
853,Acer,76,1.161616162,0.009419344,1.749824348,0.857200955,,,,,,,,,,,,,,,,,,,,,,,,,,,,,,,
364,Acer,58,1.133333333,0.01276018,1.802129968,0.829110174,,,,,,,,,,,,,,,,,,,,,,,,,,,,,,,
148,Acer,77,1.064377682,0.010542404,1.938698975,0.812323876,,,,,,,,,,,,,,,,,,,,,,,,,,,,,,,
713,Acer,84,1.109739369,0.009288091,1.745619384,0.852530581,,,,,,,,,,,,,,,,,,,,,,,,,,,,,,,
652,Acer,93,1.005235602,0.010136122,1.925968233,0.81592101,,,,,,,,,,,,,,,,,,,,,,,,,,,,,,,
641,Acer,74,1.086567164,0.010670363,1.842327914,0.84229724,,,,,,,,,,,,,,,,,,,,,,,,,,,,,,,
651,Acer,76,1.123376623,0.011475301,1.87921617,0.838576334,,,,,,,,,,,,,,,,,,,,,,,,,,,,,,,
1520,Acer,92,1.153129161,0.008907236,1.772090299,0.860818783,,,,,,,,,,,,,,,,,,,,,,,,,,,,,,,
404,Acer,72,1.105654762,0.010207474,1.84457153,0.841356447,,,,,,,,,,,,,,,,,,,,,,,,,,,,,,,
570,Acer,75,1.012064343,0.009856695,1.759615355,0.849677641,,,,,,,,,,,,,,,,,,,,,,,,,,,,,,,
763,Acer,65,1.084063047,0.034494114,2.984555756,0.487821227,,,,,,,,,,,,,,,,,,,,,,,,,,,,,,,
506,Acer,63,1.011673152,0.031992458,2.399928167,0.560119359,,,,,,,,,,,,,,,,,,,,,,,,,,,,,,,
864,Acer,63,1.16194332,0.026491729,2.58357529,0.513203475,,,,,,,,,,,,,,,,,,,,,,,,,,,,,,,
1182,Acer,49,1.0625,0.044820785,3.111637081,0.4742164,,,,,,,,,,,,,,,,,,,,,,,,,,,,,,,
167,Acer,60,1.026272578,0.030735463,2.721257444,0.505330012,,,,,,,,,,,,,,,,,,,,,,,,,,,,,,,
253,Acer,59,1.040935673,0.035556723,2.481650919,0.538021107,,,,,,,,,,,,,,,,,,,,,,,,,,,,,,,
1003,Acer,44,1.029574861,0.03558205,2.789330939,0.525148638,,,,,,,,,,,,,,,,,,,,,,,,,,,,,,,
78,Acer,66,1.191208791,0.041507315,2.387711434,0.549223546,,,,,,,,,,,,,,,,,,,,,,,,,,,,,,,
365,Acer,57,1.041666667,0.041242586,2.964566085,0.493158567,,,,,,,,,,,,,,,,,,,,,,,,,,,,,,,
1184,Acer,44,1.273607748,0.038303909,2.63408187,0.552647258,,,,,,,,,,,,,,,,,,,,,,,,,,,,,,,
186,Alnus,35,1.414225941,0.009097551,1.405197606,0.967937012,,,,,,,,,,,,,,,,,,,,,,,,,,,,,,,
1435,Alnus,12,1.422604423,0.010834638,1.481842706,0.963043026,,,,,,,,,,,,,,,,,,,,,,,,,,,,,,,
505,Alnus,18,1.351851852,0.009255483,1.41537084,0.971407171,,,,,,,,,,,,,,,,,,,,,,,,,,,,,,,
629,Alnus,22,1.308390023,0.010278221,1.366439515,0.966463135,,,,,,,,,,,,,,,,,,,,,,,,,,,,,,,
198,Alnus,17,1.461711712,0.010025218,1.486021938,0.953079637,,,,,,,,,,,,,,,,,,,,,,,,,,,,,,,
839,Alnus,26,1.363106796,0.008501726,1.407339357,0.967525725,,,,,,,,,,,,,,,,,,,,,,,,,,,,,,,
1235,Alnus,15,1.428270042,0.009250096,1.411477508,0.9649225,,,,,,,,,,,,,,,,,,,,,,,,,,,,,,,
1477,Alnus,34,1.361616162,0.009022345,1.423226885,0.965255716,,,,,,,,,,,,,,,,,,,,,,,,,,,,,,,
647,Alnus,27,1.423423423,0.009948085,1.488012981,0.956998089,,,,,,,,,,,,,,,,,,,,,,,,,,,,,,,
1242,Alnus,22,1.437379576,0.008281827,1.392922672,0.967313181,,,,,,,,,,,,,,,,,,,,,,,,,,,,,,,
877,Alnus,50,1.463157895,0.016634638,1.604824805,1,,,,,,,,,,,,,,,,,,,,,,,,,,,,,,,
1287,Alnus,61,1.545454545,0.016338602,1.548274525,1,,,,,,,,,,,,,,,,,,,,,,,,,,,,,,,
140,Alnus,69,1.5,0.016478053,1.575517453,0.914913176,,,,,,,,,,,,,,,,,,,,,,,,,,,,,,,
893,Alnus,67,1.627118644,0.016526853,1.549375399,0,,,,,,,,,,,,,,,,,,,,,,,,,,,,,,,
1217,Alnus,79,1.766961652,0.016495127,1.543556258,0.918432114,,,,,,,,,,,,,,,,,,,,,,,,,,,,,,,
805,Alnus,65,1.597765363,0.015139175,1.558642422,1,,,,,,,,,,,,,,,,,,,,,,,,,,,,,,,
663,Alnus,51,1.64265928,0.015632128,1.6276345,1,,,,,,,,,,,,,,,,,,,,,,,,,,,,,,,
1232,Alnus,54,1.524193548,0.017848859,1.604070179,0,,,,,,,,,,,,,,,,,,,,,,,,,,,,,,,
983,Alnus,63,1.543478261,0.015650942,1.591933101,0.91651185,,,,,,,,,,,,,,,,,,,,,,,,,,,,,,,
1581,Alnus,73,1.411609499,0.015869154,1.541786744,1,,,,,,,,,,,,,,,,,,,,,,,,,,,,,,,
493,Alnus,40,1.456,0.009620759,1.54135402,0.952509876,,,,,,,,,,,,,,,,,,,,,,,,,,,,,,,
1021,Alnus,23,1.284,0.009821656,1.458931753,0.957809038,,,,,,,,,,,,,,,,,,,,,,,,,,,,,,,
1258,Alnus,23,1.501176471,0.010771019,1.515600371,0.951161565,,,,,,,,,,,,,,,,,,,,,,,,,,,,,,,
868,Alnus,46,1.493478261,0.01142869,1.637214218,0.930310639,,,,,,,,,,,,,,,,,,,,,,,,,,,,,,,
290,Alnus,29,1.330039526,0.009864901,1.481205362,0.951978825,,,,,,,,,,,,,,,,,,,,,,,,,,,,,,,
55,Alnus,33,1.455723542,0.010268654,1.514393586,0.959016355,,,,,,,,,,,,,,,,,,,,,,,,,,,,,,,
314,Alnus,44,1.696145125,0.010667854,1.613472506,0.935330312,,,,,,,,,,,,,,,,,,,,,,,,,,,,,,,
1118,Alnus,25,1.383429672,0.009047864,1.44271041,0.953953718,,,,,,,,,,,,,,,,,,,,,,,,,,,,,,,
954,Alnus,25,1.290909091,0.01029967,1.511757396,0.952087625,,,,,,,,,,,,,,,,,,,,,,,,,,,,,,,
475,Alnus,26,1.5,0.011362671,1.514796346,0.947223058,,,,,,,,,,,,,,,,,,,,,,,,,,,,,,,
788,Alnus,55,1.951219512,0.012269224,1.712771559,0.884615385,,,,,,,,,,,,,,,,,,,,,,,,,,,,,,,
971,Alnus,46,2.160714286,0.013753116,1.742222222,0.903089419,,,,,,,,,,,,,,,,,,,,,,,,,,,,,,,
1396,Alnus,52,1.922746781,0.011889906,1.697252517,0.904812981,,,,,,,,,,,,,,,,,,,,,,,,,,,,,,,
1096,Alnus,45,2.19895288,0.013763922,1.734027204,0.905460988,,,,,,,,,,,,,,,,,,,,,,,,,,,,,,,
1302,Alnus,43,2.102484472,0.015130489,1.626408225,0.921431333,,,,,,,,,,,,,,,,,,,,,,,,,,,,,,,
738,Alnus,39,2.107692308,0.016832937,1.697975776,0.897720513,,,,,,,,,,,,,,,,,,,,,,,,,,,,,,,
34,Alnus,54,1.952914798,0.012589545,1.72204589,0.921309512,,,,,,,,,,,,,,,,,,,,,,,,,,,,,,,
1004,Alnus,53,1.98089172,0.011554283,1.686299866,0.921856428,,,,,,,,,,,,,,,,,,,,,,,,,,,,,,,
376,Alnus,62,2.194647202,0.012802461,1.722741911,0.912185731,,,,,,,,,,,,,,,,,,,,,,,,,,,,,,,
371,Alnus,63,2.095454545,0.012520915,1.744927761,0.907193816,,,,,,,,,,,,,,,,,,,,,,,,,,,,,,,
1124,Alnus,54,1.19266055,0.017986444,1.475119717,0.923499851,,,,,,,,,,,,,,,,,,,,,,,,,,,,,,,
1566,Alnus,76,1.252873563,0.017160453,1.512033245,0.925697654,,,,,,,,,,,,,,,,,,,,,,,,,,,,,,,
717,Alnus,69,1.107238606,0.015915987,1.399453115,0.945264053,,,,,,,,,,,,,,,,,,,,,,,,,,,,,,,
646,Alnus,50,1.21,0.01827818,1.40770424,0.942699925,,,,,,,,,,,,,,,,,,,,,,,,,,,,,,,
357,Alnus,46,1.211038961,0.017480473,1.493105286,0.948200572,,,,,,,,,,,,,,,,,,,,,,,,,,,,,,,
1255,Alnus,42,1.321428571,0.017741095,1.420384436,0.941011955,,,,,,,,,,,,,,,,,,,,,,,,,,,,,,,
374,Alnus,77,1.219047619,0.017667634,1.439109123,0.942062408,,,,,,,,,,,,,,,,,,,,,,,,,,,,,,,
1550,Alnus,76,1.310541311,0.016662587,1.463733036,0.932087778,,,,,,,,,,,,,,,,,,,,,,,,,,,,,,,
334,Alnus,72,1.276162791,0.017874079,1.573919478,0.921648753,,,,,,,,,,,,,,,,,,,,,,,,,,,,,,,
394,Alnus,66,1.341954023,0.016250387,1.48035197,0.937084787,,,,,,,,,,,,,,,,,,,,,,,,,,,,,,,
196,Arundinaria,1,12.79674797,0.023947233,1.469487203,0.955084086,,,,,,,,,,,,,,,,,,,,,,,,,,,,,,,
1488,Arundinaria,2,7.807453416,0.019882694,1.53756211,1,,,,,,,,,,,,,,,,,,,,,,,,,,,,,,,
464,Arundinaria,3,7.86163522,0.019409142,1.509810922,0.965909892,,,,,,,,,,,,,,,,,,,,,,,,,,,,,,,
1039,Arundinaria,1,12.24409449,0.023735826,1.501912708,0.964886115,,,,,,,,,,,,,,,,,,,,,,,,,,,,,,,
1034,Arundinaria,2,10.62773723,0.022261064,1.509333454,0,,,,,,,,,,,,,,,,,,,,,,,,,,,,,,,
412,Arundinaria,1,8.590909091,0.020300723,1.543324622,0.956663123,,,,,,,,,,,,,,,,,,,,,,,,,,,,,,,
37,Arundinaria,2,11.21212121,0.022439555,1.476521227,0.954602033,,,,,,,,,,,,,,,,,,,,,,,,,,,,,,,
423,Arundinaria,1,6.813953488,0.018341441,1.532259045,1,,,,,,,,,,,,,,,,,,,,,,,,,,,,,,,
199,Arundinaria,1,8.139240506,0.019906475,1.54497966,0.957362985,,,,,,,,,,,,,,,,,,,,,,,,,,,,,,,
454,Arundinaria,1,9.231292517,0.020732262,1.512120982,0.943916402,,,,,,,,,,,,,,,,,,,,,,,,,,,,,,,
488,Betula,82,1.983014862,0.010645939,1.603868997,0.947657689,,,,,,,,,,,,,,,,,,,,,,,,,,,,,,,
286,Betula,79,1.87184874,0.010779841,1.617800089,0.933337394,,,,,,,,,,,,,,,,,,,,,,,,,,,,,,,
18,Betula,49,1.838709677,0.011889683,1.47754171,0.949359693,,,,,,,,,,,,,,,,,,,,,,,,,,,,,,,
175,Betula,68,1.754455446,0.009786326,1.547242365,0.948230941,,,,,,,,,,,,,,,,,,,,,,,,,,,,,,,
747,Betula,68,2.083732057,0.011779301,1.562895201,0.950449442,,,,,,,,,,,,,,,,,,,,,,,,,,,,,,,
1097,Betula,69,1.885650224,0.011001514,1.604398895,0.937195689,,,,,,,,,,,,,,,,,,,,,,,,,,,,,,,
672,Betula,66,1.913580247,0.01079471,1.597051684,0.951505687,,,,,,,,,,,,,,,,,,,,,,,,,,,,,,,
758,Betula,67,1.941883768,0.009318171,1.568810733,0.941297514,,,,,,,,,,,,,,,,,,,,,,,,,,,,,,,
443,Betula,74,1.87063655,0.010250168,1.612037861,0.935800391,,,,,,,,,,,,,,,,,,,,,,,,,,,,,,,
341,Betula,64,2.015384615,0.011423369,1.623375107,0.937545803,,,,,,,,,,,,,,,,,,,,,,,,,,,,,,,
1393,Betula,27,1.609756098,0.028485274,1.980502371,0.820434278,,,,,,,,,,,,,,,,,,,,,,,,,,,,,,,
339,Betula,22,1.451282051,0.029069394,1.774551418,0.844626462,,,,,,,,,,,,,,,,,,,,,,,,,,,,,,,
461,Betula,17,1.349056604,0.027219006,1.809586343,0.83653181,,,,,,,,,,,,,,,,,,,,,,,,,,,,,,,
621,Betula,15,1.467248908,0.024175453,1.856443168,0.849459547,,,,,,,,,,,,,,,,,,,,,,,,,,,,,,,
1213,Betula,28,1.197478992,0.024113232,1.663886572,0.886065483,,,,,,,,,,,,,,,,,,,,,,,,,,,,,,,
1013,Betula,24,1.31512605,0.024069208,1.732378317,0.85862499,,,,,,,,,,,,,,,,,,,,,,,,,,,,,,,
1052,Betula,20,1.407407407,0.029319808,1.74647398,0.861935643,,,,,,,,,,,,,,,,,,,,,,,,,,,,,,,
1473,Betula,18,1.28959276,0.023938407,1.655060963,0.890582777,,,,,,,,,,,,,,,,,,,,,,,,,,,,,,,
415,Betula,16,1.393364929,0.026888715,1.793564056,0.863276115,,,,,,,,,,,,,,,,,,,,,,,,,,,,,,,
615,Betula,22,1.361111111,0.027585811,1.821007656,0.817139488,,,,,,,,,,,,,,,,,,,,,,,,,,,,,,,
992,Callicarpa,10,2.848275862,0.014375138,1.82191562,0.931343412,,,,,,,,,,,,,,,,,,,,,,,,,,,,,,,
558,Callicarpa,3,2.455782313,0.013313958,1.614929893,0.951670734,,,,,,,,,,,,,,,,,,,,,,,,,,,,,,,
143,Callicarpa,22,3.3671875,0.014864351,1.676966335,0.947468387,,,,,,,,,,,,,,,,,,,,,,,,,,,,,,,
73,Callicarpa,16,3.37944664,0.015095651,1.634342229,0.929594268,,,,,,,,,,,,,,,,,,,,,,,,,,,,,,,
765,Callicarpa,3,2.792114695,0.013552524,1.651075694,0.961772321,,,,,,,,,,,,,,,,,,,,,,,,,,,,,,,
1119,Callicarpa,3,2.7,0.013397536,1.607704343,0.959913147,,,,,,,,,,,,,,,,,,,,,,,,,,,,,,,
1367,Callicarpa,2,3.200757576,0.014051059,1.698001187,0.951827607,,,,,,,,,,,,,,,,,,,,,,,,,,,,,,,
1179,Callicarpa,4,2.815884477,0.013464916,1.64270454,0.953967419,,,,,,,,,,,,,,,,,,,,,,,,,,,,,,,
380,Callicarpa,3,3.393822394,0.014593489,1.731301855,1,,,,,,,,,,,,,,,,,,,,,,,,,,,,,,,
969,Callicarpa,6,3.037453184,0.01373572,1.646894632,0.956141476,,,,,,,,,,,,,,,,,,,,,,,,,,,,,,,
1087,Castanea,12,2.073170732,0.014334103,1.619265778,0.897121859,,,,,,,,,,,,,,,,,,,,,,,,,,,,,,,
1296,Castanea,25,2.329741379,0.014072089,1.720705731,0.872926033,,,,,,,,,,,,,,,,,,,,,,,,,,,,,,,
1153,Castanea,33,2.357142857,0.015869014,1.756151485,0.861949793,,,,,,,,,,,,,,,,,,,,,,,,,,,,,,,
1511,Castanea,25,2.281632653,0.012328929,1.62278571,0.909506746,,,,,,,,,,,,,,,,,,,,,,,,,,,,,,,
425,Castanea,22,2.650900901,0.013409487,1.639980543,0.882953172,,,,,,,,,,,,,,,,,,,,,,,,,,,,,,,
1229,Castanea,14,2.243902439,0.014585023,1.576804421,0.897751001,,,,,,,,,,,,,,,,,,,,,,,,,,,,,,,
1273,Castanea,33,2.401544402,0.012432282,1.610951808,0.893596254,,,,,,,,,,,,,,,,,,,,,,,,,,,,,,,
926,Castanea,12,2.193258427,0.013404487,1.614038478,0.88711109,,,,,,,,,,,,,,,,,,,,,,,,,,,,,,,
769,Castanea,19,2.901176471,0.012831748,1.628519485,0.882680499,,,,,,,,,,,,,,,,,,,,,,,,,,,,,,,
592,Castanea,23,2.225321888,0.01092777,1.527554923,0.918506004,,,,,,,,,,,,,,,,,,,,,,,,,,,,,,,
153,Celtis,38,1.75074184,0.013650632,1.511222248,0.920462201,,,,,,,,,,,,,,,,,,,,,,,,,,,,,,,
169,Celtis,25,1.820895522,0.01416185,1.55422878,0.922290475,,,,,,,,,,,,,,,,,,,,,,,,,,,,,,,
249,Celtis,37,1.625,0.014328041,1.460882777,0.932503635,,,,,,,,,,,,,,,,,,,,,,,,,,,,,,,
100,Celtis,34,1.72,0.013669749,1.60368383,0,,,,,,,,,,,,,,,,,,,,,,,,,,,,,,,
1425,Celtis,31,1.811046512,0.01443454,1.62729882,0.921073513,,,,,,,,,,,,,,,,,,,,,,,,,,,,,,,
1175,Celtis,32,1.675516224,0.014431265,1.464051095,0.93549486,,,,,,,,,,,,,,,,,,,,,,,,,,,,,,,
566,Celtis,36,1.729651163,0.013819458,1.555011928,0.926999162,,,,,,,,,,,,,,,,,,,,,,,,,,,,,,,
1277,Celtis,30,1.8,0.013185008,1.536007847,0.925734637,,,,,,,,,,,,,,,,,,,,,,,,,,,,,,,
61,Celtis,41,1.679300292,0.013633353,1.503916449,0.929568573,,,,,,,,,,,,,,,,,,,,,,,,,,,,,,,
115,Celtis,42,1.448467967,0.014202191,1.419306769,1,,,,,,,,,,,,,,,,,,,,,,,,,,,,,,,
58,Cercis,2,1.136597938,0.011165838,1.300588316,0.974839251,,,,,,,,,,,,,,,,,,,,,,,,,,,,,,,
582,Cercis,1,1.189839572,0.01122167,1.267043768,0.967461565,,,,,,,,,,,,,,,,,,,,,,,,,,,,,,,
242,Cercis,3,1.05955335,0.011058668,1.307894597,0.977572273,,,,,,,,,,,,,,,,,,,,,,,,,,,,,,,
551,Cercis,1,1.148541114,0.011653308,1.242519733,0.963042235,,,,,,,,,,,,,,,,,,,,,,,,,,,,,,,
398,Cercis,2,1.124031008,0.010993361,1.28163256,0.973788668,,,,,,,,,,,,,,,,,,,,,,,,,,,,,,,
427,Cercis,3,1.029484029,0.011201862,1.296868346,0.978937276,,,,,,,,,,,,,,,,,,,,,,,,,,,,,,,
1094,Cercis,4,1.109414758,0.011418045,1.304306125,0.971716548,,,,,,,,,,,,,,,,,,,,,,,,,,,,,,,
914,Cercis,3,1.177419355,0.011386832,1.241020016,0.96122146,,,,,,,,,,,,,,,,,,,,,,,,,,,,,,,
1471,Cercis,3,1.125641026,0.010988593,1.30378166,0.979544192,,,,,,,,,,,,,,,,,,,,,,,,,,,,,,,
88,Cercis,3,1.121447028,0.011477664,1.275820945,0.971693418,,,,,,,,,,,,,,,,,,,,,,,,,,,,,,,
513,Cornus,2,2.12254902,0.009943653,1.604278949,0.951224188,,,,,,,,,,,,,,,,,,,,,,,,,,,,,,,
450,Cornus,2,2.26056338,0.014018185,1.647909474,0.931941639,,,,,,,,,,,,,,,,,,,,,,,,,,,,,,,
800,Cornus,1,2.30071599,0.009457593,1.655861699,0.948065103,,,,,,,,,,,,,,,,,,,,,,,,,,,,,,,
42,Cornus,3,2.052516411,0.008747372,1.589529852,0.964336983,,,,,,,,,,,,,,,,,,,,,,,,,,,,,,,
1461,Cornus,3,1.690566038,0.007451976,1.504589365,0.97721433,,,,,,,,,,,,,,,,,,,,,,,,,,,,,,,
745,Cornus,4,2.002164502,0.008491088,1.544770697,0.960737802,,,,,,,,,,,,,,,,,,,,,,,,,,,,,,,
1405,Cornus,5,2.289473684,0.009572236,1.636385949,0.933390427,,,,,,,,,,,,,,,,,,,,,,,,,,,,,,,
662,Cornus,2,2.299212598,0.010490705,1.653133095,0.943302189,,,,,,,,,,,,,,,,,,,,,,,,,,,,,,,
737,Cornus,4,1.822894168,0.008423453,1.490108449,0.974157417,,,,,,,,,,,,,,,,,,,,,,,,,,,,,,,
1256,Cornus,3,2.07112069,0.008834999,1.637390481,0.946096605,,,,,,,,,,,,,,,,,,,,,,,,,,,,,,,
881,Cornus,2,1.597733711,0.011516548,1.514433719,0.963072885,,,,,,,,,,,,,,,,,,,,,,,,,,,,,,,
1398,Cornus,2,1.593220339,0.011511907,1.518111865,0.963585827,,,,,,,,,,,,,,,,,,,,,,,,,,,,,,,
71,Cornus,2,1.486263736,0.011318202,1.4968607,0.973759771,,,,,,,,,,,,,,,,,,,,,,,,,,,,,,,
1527,Cornus,2,1.533898305,0.011413147,1.461597536,0.968085106,,,,,,,,,,,,,,,,,,,,,,,,,,,,,,,
273,Cornus,2,1.450819672,0.011213188,1.480460716,0.974055987,,,,,,,,,,,,,,,,,,,,,,,,,,,,,,,
614,Cornus,1,1.684210526,0.011593034,1.49949761,0.971318992,,,,,,,,,,,,,,,,,,,,,,,,,,,,,,,
757,Cornus,2,1.78041543,0.011894427,1.539726778,0.961895387,,,,,,,,,,,,,,,,,,,,,,,,,,,,,,,
1169,Cornus,2,1.744868035,0.011750649,1.544137233,0.961237912,,,,,,,,,,,,,,,,,,,,,,,,,,,,,,,
932,Cornus,2,1.479338843,0.011321989,1.482207217,0.972493071,,,,,,,,,,,,,,,,,,,,,,,,,,,,,,,
1345,Cornus,3,1.843373494,0.012089758,1.5439631,1,,,,,,,,,,,,,,,,,,,,,,,,,,,,,,,
217,Cornus,4,1.892183288,0.010333018,1.522144686,0.968442359,,,,,,,,,,,,,,,,,,,,,,,,,,,,,,,
1208,Cornus,2,2.029239766,0.011038349,1.522330047,0.966240333,,,,,,,,,,,,,,,,,,,,,,,,,,,,,,,
972,Cornus,5,1.99375,0.012393255,1.57351173,0.962185156,,,,,,,,,,,,,,,,,,,,,,,,,,,,,,,
635,Cornus,2,2.639705882,0.01364274,1.67045299,0.956550575,,,,,,,,,,,,,,,,,,,,,,,,,,,,,,,
523,Cornus,3,2.04290429,0.013018507,1.595890236,0.96318031,,,,,,,,,,,,,,,,,,,,,,,,,,,,,,,
463,Cornus,2,1.971530249,0.014091923,1.607139908,0.967167739,,,,,,,,,,,,,,,,,,,,,,,,,,,,,,,
939,Cornus,3,1.892857143,0.009936139,1.494346059,0.969969503,,,,,,,,,,,,,,,,,,,,,,,,,,,,,,,
837,Cornus,3,1.978915663,0.011733244,1.580791976,0.96374565,,,,,,,,,,,,,,,,,,,,,,,,,,,,,,,
677,Cornus,4,2.431818182,0.012175475,1.644487532,0.970552887,,,,,,,,,,,,,,,,,,,,,,,,,,,,,,,
467,Cornus,1,2.158064516,0.012342389,1.579079613,0.961447018,,,,,,,,,,,,,,,,,,,,,,,,,,,,,,,
572,Cotinus,1,1.58,0.011339352,1.47198625,0.958101668,,,,,,,,,,,,,,,,,,,,,,,,,,,,,,,
1431,Cotinus,1,1.67638484,0.011577622,1.496327937,0.950231397,,,,,,,,,,,,,,,,,,,,,,,,,,,,,,,
831,Cotinus,1,1.511111111,0.011318576,1.487671108,0.964907931,,,,,,,,,,,,,,,,,,,,,,,,,,,,,,,
1386,Cotinus,1,1.537815126,0.011313472,1.489161405,0.960064651,,,,,,,,,,,,,,,,,,,,,,,,,,,,,,,
622,Cotinus,1,1.624277457,0.01142375,1.477958166,0.957176206,,,,,,,,,,,,,,,,,,,,,,,,,,,,,,,
360,Cotinus,1,1.523160763,0.011734167,1.557114883,0.942153533,,,,,,,,,,,,,,,,,,,,,,,,,,,,,,,
1112,Cotinus,1,1.663793103,0.011690128,1.53151318,0.954821451,,,,,,,,,,,,,,,,,,,,,,,,,,,,,,,
60,Cotinus,1,1.455801105,0.011188163,1.44902284,0.963747004,,,,,,,,,,,,,,,,,,,,,,,,,,,,,,,
224,Cotinus,2,1.501392758,0.011535628,1.4694902,0.967860797,,,,,,,,,,,,,,,,,,,,,,,,,,,,,,,
552,Cotinus,1,1.385638298,0.01134293,1.487305637,0.96555246,,,,,,,,,,,,,,,,,,,,,,,,,,,,,,,
1284,Crataegus,35,1.008080808,0.019179348,1.871009037,0.807864687,,,,,,,,,,,,,,,,,,,,,,,,,,,,,,,
968,Crataegus,38,1.13490364,0.017354106,1.877322856,0.830392101,,,,,,,,,,,,,,,,,,,,,,,,,,,,,,,
709,Crataegus,36,1.274463007,0.017687436,1.697038189,1,,,,,,,,,,,,,,,,,,,,,,,,,,,,,,,
1017,Crataegus,48,1.085526316,0.019024457,1.710155469,0.82690386,,,,,,,,,,,,,,,,,,,,,,,,,,,,,,,
218,Crataegus,44,1.439613527,0.02447402,1.862682781,0.752880955,,,,,,,,,,,,,,,,,,,,,,,,,,,,,,,
366,Crataegus,24,1.020576132,0.016767021,1.828037553,0.833478551,,,,,,,,,,,,,,,,,,,,,,,,,,,,,,,
1066,Crataegus,47,1.079497908,0.020605373,1.866424518,0.772519574,,,,,,,,,,,,,,,,,,,,,,,,,,,,,,,
721,Crataegus,39,1.064239829,0.018294581,1.76188958,0.822362754,,,,,,,,,,,,,,,,,,,,,,,,,,,,,,,
1372,Crataegus,29,1.201980198,0.024562886,2.313174913,1,,,,,,,,,,,,,,,,,,,,,,,,,,,,,,,
630,Crataegus,32,1.104121475,0.017776867,1.781855598,0.819808018,,,,,,,,,,,,,,,,,,,,,,,,,,,,,,,
1392,Cytisus,5,2.356097561,0.017169142,1.450514195,0.97007256,,,,,,,,,,,,,,,,,,,,,,,,,,,,,,,
49,Cytisus,3,2.125,0.017261697,1.410811798,0.975779201,,,,,,,,,,,,,,,,,,,,,,,,,,,,,,,
1460,Cytisus,1,2.245614035,0.020286239,1.43697479,0.978427143,,,,,,,,,,,,,,,,,,,,,,,,,,,,,,,
1132,Cytisus,1,2.35078534,0.017853446,1.479317602,0.971922798,,,,,,,,,,,,,,,,,,,,,,,,,,,,,,,
792,Cytisus,1,2.134328358,0.016909118,1.404678515,0.980552091,,,,,,,,,,,,,,,,,,,,,,,,,,,,,,,
553,Cytisus,1,2.441314554,0.01571293,1.439507168,0.970654844,,,,,,,,,,,,,,,,,,,,,,,,,,,,,,,
1263,Cytisus,1,2.217142857,0.019340349,1.412053404,0.980873949,,,,,,,,,,,,,,,,,,,,,,,,,,,,,,,
571,Cytisus,1,2.241573034,0.019713629,1.45692131,0.971144299,,,,,,,,,,,,,,,,,,,,,,,,,,,,,,,
1355,Cytisus,1,2.369047619,0.020353566,1.431041863,0.964193352,,,,,,,,,,,,,,,,,,,,,,,,,,,,,,,
419,Cytisus,2,2.140495868,0.015097637,1.521366069,0.965538118,,,,,,,,,,,,,,,,,,,,,,,,,,,,,,,
1239,Eucalyptus,1,3.267175573,0.021863733,2.457856149,0.632252024,,,,,,,,,,,,,,,,,,,,,,,,,,,,,,,
289,Eucalyptus,2,3.28125,0.017799531,2.141609355,0.641509048,,,,,,,,,,,,,,,,,,,,,,,,,,,,,,,
678,Eucalyptus,2,2.878881988,0.016826695,2.182819367,0.583681837,,,,,,,,,,,,,,,,,,,,,,,,,,,,,,,
882,Eucalyptus,3,4.151041667,0.017796224,1.549061092,0.895449946,,,,,,,,,,,,,,,,,,,,,,,,,,,,,,,
56,Eucalyptus,1,3.103305785,0.021944677,2.205901273,0.618155762,,,,,,,,,,,,,,,,,,,,,,,,,,,,,,,
752,Eucalyptus,2,3.065843621,0.019102636,1.980667608,0.764616328,,,,,,,,,,,,,,,,,,,,,,,,,,,,,,,
720,Eucalyptus,3,3.628571429,0.017323436,1.933947186,0.883270471,,,,,,,,,,,,,,,,,,,,,,,,,,,,,,,
689,Eucalyptus,1,4.084158416,0.01791847,1.61673684,0.895886923,,,,,,,,,,,,,,,,,,,,,,,,,,,,,,,
771,Eucalyptus,2,4.057416268,0.022261326,2.093060607,0.73864505,,,,,,,,,,,,,,,,,,,,,,,,,,,,,,,
844,Eucalyptus,2,3.523584906,0.023668395,2.172882193,0.679579228,,,,,,,,,,,,,,,,,,,,,,,,,,,,,,,
302,Eucalyptus,2,3.551724138,0.013865623,1.455608686,0.967243722,,,,,,,,,,,,,,,,,,,,,,,,,,,,,,,
1186,Eucalyptus,2,3.043824701,0.013043214,1.45843664,0.976383314,,,,,,,,,,,,,,,,,,,,,,,,,,,,,,,
760,Eucalyptus,2,2.88671875,0.012727052,1.43660774,0.971709091,,,,,,,,,,,,,,,,,,,,,,,,,,,,,,,
996,Eucalyptus,2,2.378091873,0.012056527,1.447839936,0.976592142,,,,,,,,,,,,,,,,,,,,,,,,,,,,,,,
173,Eucalyptus,2,3.582278481,0.013865121,1.530357998,0.957898874,,,,,,,,,,,,,,,,,,,,,,,,,,,,,,,
1378,Eucalyptus,2,3.213114754,0.013112533,1.455818449,0.975333715,,,,,,,,,,,,,,,,,,,,,,,,,,,,,,,
797,Eucalyptus,2,3.872807018,0.014322827,1.533791969,0.963309305,,,,,,,,,,,,,,,,,,,,,,,,,,,,,,,
606,Eucalyptus,1,2.564102564,0.012267327,1.452469807,0.98132403,,,,,,,,,,,,,,,,,,,,,,,,,,,,,,,
588,Eucalyptus,3,2.417266187,0.012039127,1.419887361,0.981859163,,,,,,,,,,,,,,,,,,,,,,,,,,,,,,,
1452,Eucalyptus,3,2.572992701,0.012465721,1.467399974,0.977138307,,,,,,,,,,,,,,,,,,,,,,,,,,,,,,,
310,Eucalyptus,2,2.301526718,0.013833596,1.508291565,0.972385735,,,,,,,,,,,,,,,,,,,,,,,,,,,,,,,
772,Eucalyptus,2,2.181818182,0.013066481,1.589568192,0.962572805,,,,,,,,,,,,,,,,,,,,,,,,,,,,,,,
1344,Eucalyptus,1,2.531746032,0.014310995,1.546279911,0.954676433,,,,,,,,,,,,,,,,,,,,,,,,,,,,,,,
1373,Eucalyptus,1,2.091205212,0.012695455,1.596807907,0.955592298,,,,,,,,,,,,,,,,,,,,,,,,,,,,,,,
1514,Eucalyptus,3,2.04494382,0.01396179,1.539620011,0.967059103,,,,,,,,,,,,,,,,,,,,,,,,,,,,,,,
904,Eucalyptus,2,1.828313253,0.011568105,1.476409565,0.971778515,,,,,,,,,,,,,,,,,,,,,,,,,,,,,,,
1080,Eucalyptus,1,2.446280992,0.015438487,1.602738653,0.953455289,,,,,,,,,,,,,,,,,,,,,,,,,,,,,,,
660,Eucalyptus,2,2.042857143,0.013009839,1.451013789,0.964141526,,,,,,,,,,,,,,,,,,,,,,,,,,,,,,,
393,Eucalyptus,1,2.284090909,0.013935258,1.567760806,0.958051815,,,,,,,,,,,,,,,,,,,,,,,,,,,,,,,
265,Eucalyptus,2,2.161392405,0.012129569,1.59142893,0.959952793,,,,,,,,,,,,,,,,,,,,,,,,,,,,,,,
1202,Fagus,3,1.628272251,0.011022813,1.545170772,0.942329983,,,,,,,,,,,,,,,,,,,,,,,,,,,,,,,
516,Fagus,4,1.523573201,0.01041405,1.515807916,0.963608243,,,,,,,,,,,,,,,,,,,,,,,,,,,,,,,
25,Fagus,2,1.712820513,0.010573002,1.524337798,0.959042876,,,,,,,,,,,,,,,,,,,,,,,,,,,,,,,
258,Fagus,1,1.559585492,0.010309084,1.461587813,0.975978313,,,,,,,,,,,,,,,,,,,,,,,,,,,,,,,
623,Fagus,2,1.704960836,0.011125883,1.590950439,0.954786072,,,,,,,,,,,,,,,,,,,,,,,,,,,,,,,
45,Fagus,5,1.63255814,0.010053623,1.569987882,0.956314309,,,,,,,,,,,,,,,,,,,,,,,,,,,,,,,
335,Fagus,1,1.579746835,0.010733419,1.544409286,0.970157785,,,,,,,,,,,,,,,,,,,,,,,,,,,,,,,
437,Fagus,2,1.531818182,0.010578718,1.647702018,0.9568039,,,,,,,,,,,,,,,,,,,,,,,,,,,,,,,
774,Fagus,2,1.75,0.009914139,1.558918607,0.953774917,,,,,,,,,,,,,,,,,,,,,,,,,,,,,,,
1289,Fagus,1,1.766666667,0.012144664,1.516230977,0.964270966,,,,,,,,,,,,,,,,,,,,,,,,,,,,,,,
462,Ginkgo,1,1.585561497,0.013461612,1.686747538,0.901960784,,,,,,,,,,,,,,,,,,,,,,,,,,,,,,,
178,Ginkgo,1,1.487113402,0.014065961,1.704021129,0.824875795,,,,,,,,,,,,,,,,,,,,,,,,,,,,,,,
116,Ginkgo,1,1.388174807,0.013277768,1.597438744,0.826360482,,,,,,,,,,,,,,,,,,,,,,,,,,,,,,,
645,Ginkgo,2,1.401960784,0.014065083,1.7781435,0.800544751,,,,,,,,,,,,,,,,,,,,,,,,,,,,,,,
1319,Ginkgo,1,1.470737913,0.013756381,1.725464876,0.818994606,,,,,,,,,,,,,,,,,,,,,,,,,,,,,,,
1309,Ginkgo,2,1.430693069,0.01396393,1.776972833,0.822377199,,,,,,,,,,,,,,,,,,,,,,,,,,,,,,,
532,Ginkgo,2,1.379146919,0.013889839,1.866192528,0.806180564,,,,,,,,,,,,,,,,,,,,,,,,,,,,,,,
1536,Ginkgo,8,1.446078431,0.014101433,1.8309045,0.793018723,,,,,,,,,,,,,,,,,,,,,,,,,,,,,,,
806,Ginkgo,2,1.544,0.014109106,1.648783488,0.813950228,,,,,,,,,,,,,,,,,,,,,,,,,,,,,,,
413,Ginkgo,1,1.389548694,0.013970555,1.870983181,0.786670964,,,,,,,,,,,,,,,,,,,,,,,,,,,,,,,
1349,Ilex,12,1.779874214,0.013659642,1.557043496,0.945687441,,,,,,,,,,,,,,,,,,,,,,,,,,,,,,,
963,Ilex,10,1.920634921,0.013056027,1.532113485,0.941051412,,,,,,,,,,,,,,,,,,,,,,,,,,,,,,,
1346,Ilex,15,1.810298103,0.011708963,1.563470065,0.940893341,,,,,,,,,,,,,,,,,,,,,,,,,,,,,,,
1438,Ilex,20,1.705539359,0.012628469,1.425177388,0.929127159,,,,,,,,,,,,,,,,,,,,,,,,,,,,,,,
155,Ilex,9,1.777456647,0.01261052,1.516041009,0.937552785,,,,,,,,,,,,,,,,,,,,,,,,,,,,,,,
1325,Ilex,14,1.580952381,0.011426505,1.575976085,0.912653409,,,,,,,,,,,,,,,,,,,,,,,,,,,,,,,
910,Ilex,8,1.677740864,0.013515676,1.43067569,0.946542348,,,,,,,,,,,,,,,,,,,,,,,,,,,,,,,
600,Ilex,12,1.965616046,0.011722366,1.549695452,0.946605819,,,,,,,,,,,,,,,,,,,,,,,,,,,,,,,
248,Ilex,14,1.874576271,0.01449013,1.554140309,0.924521433,,,,,,,,,,,,,,,,,,,,,,,,,,,,,,,
1501,Ilex,15,1.90504451,0.013115236,1.590545856,0.9132612,,,,,,,,,,,,,,,,,,,,,,,,,,,,,,,
789,Ilex,2,1.740425532,0.01561084,1.404902505,0.97469836,,,,,,,,,,,,,,,,,,,,,,,,,,,,,,,
1463,Ilex,3,1.657894737,0.015672908,1.341364337,0.980915913,,,,,,,,,,,,,,,,,,,,,,,,,,,,,,,
1250,Ilex,2,1.710084034,0.015321147,1.377992745,0.976938938,,,,,,,,,,,,,,,,,,,,,,,,,,,,,,,
231,Ilex,2,1.861244019,0.017206042,1.400268683,0.95884784,,,,,,,,,,,,,,,,,,,,,,,,,,,,,,,
1056,Ilex,2,1.70531401,0.01810247,1.43001683,0.964798602,,,,,,,,,,,,,,,,,,,,,,,,,,,,,,,
106,Ilex,1,1.67281106,0.01750213,1.398235586,0.977462805,,,,,,,,,,,,,,,,,,,,,,,,,,,,,,,
1360,Ilex,2,1.930693069,0.018956264,1.499371931,0.963033714,,,,,,,,,,,,,,,,,,,,,,,,,,,,,,,
1347,Ilex,3,1.640186916,0.018211351,1.435390789,0.966112508,,,,,,,,,,,,,,,,,,,,,,,,,,,,,,,
697,Ilex,3,1.708333333,0.017032235,1.415575881,0.973320097,,,,,,,,,,,,,,,,,,,,,,,,,,,,,,,
1574,Ilex,2,1.906403941,0.017990514,1.427629068,0.967321712,,,,,,,,,,,,,,,,,,,,,,,,,,,,,,,
1197,Liquidambar,6,1.318343195,0.012082253,2.65052133,0.554323986,,,,,,,,,,,,,,,,,,,,,,,,,,,,,,,
1391,Liquidambar,21,1.206163656,0.012201381,2.503169875,0.530599721,,,,,,,,,,,,,,,,,,,,,,,,,,,,,,,
396,Liquidambar,9,1.167346939,0.014003819,2.508871738,0.567231045,,,,,,,,,,,,,,,,,,,,,,,,,,,,,,,
827,Liquidambar,10,1.206349206,0.015205218,2.916153482,0.515865381,,,,,,,,,,,,,,,,,,,,,,,,,,,,,,,
568,Liquidambar,10,1.276159655,0.013115412,2.972901683,0.479500659,,,,,,,,,,,,,,,,,,,,,,,,,,,,,,,
573,Liquidambar,11,1.167152575,0.011214482,2.755852537,0.503103993,,,,,,,,,,,,,,,,,,,,,,,,,,,,,,,
1350,Liquidambar,12,1.154239019,0.011454402,2.697245872,0.52832049,,,,,,,,,,,,,,,,,,,,,,,,,,,,,,,
358,Liquidambar,8,1.285513361,0.015173849,2.514224033,0.510033027,,,,,,,,,,,,,,,,,,,,,,,,,,,,,,,
124,Liquidambar,8,1.212273642,0.011964437,2.801689757,0.483603207,,,,,,,,,,,,,,,,,,,,,,,,,,,,,,,
219,Liquidambar,6,1.377204885,0.014059049,2.610310667,0.533433858,,,,,,,,,,,,,,,,,,,,,,,,,,,,,,,
538,Liriodendron,2,1.095180723,0.005643801,1.436598639,0.902647965,,,,,,,,,,,,,,,,,,,,,,,,,,,,,,,
878,Liriodendron,3,1.172684458,0.008091442,1.501647322,0.83615856,,,,,,,,,,,,,,,,,,,,,,,,,,,,,,,
794,Liriodendron,2,1.135883905,0.00632649,1.478305778,0.888772463,,,,,,,,,,,,,,,,,,,,,,,,,,,,,,,
48,Liriodendron,5,1.055367232,0.006146602,1.619094816,0.833554269,,,,,,,,,,,,,,,,,,,,,,,,,,,,,,,
85,Liriodendron,4,1.031884058,0.007644482,1.572030604,0.85655529,,,,,,,,,,,,,,,,,,,,,,,,,,,,,,,
430,Liriodendron,3,1.094235033,0.006018261,1.636499997,0.837297387,,,,,,,,,,,,,,,,,,,,,,,,,,,,,,,
501,Liriodendron,4,1.007821229,0.005990615,1.580445537,0.865653805,,,,,,,,,,,,,,,,,,,,,,,,,,,,,,,
722,Liriodendron,4,1.156906077,0.0054486,1.511340617,0.860587688,,,,,,,,,,,,,,,,,,,,,,,,,,,,,,,
122,Liriodendron,2,1.025498891,0.006071741,1.650149025,0.856475326,,,,,,,,,,,,,,,,,,,,,,,,,,,,,,,
212,Liriodendron,8,1.134163209,0.007644246,1.530036311,0.812985762,,,,,,,,,,,,,,,,,,,,,,,,,,,,,,,
325,Lithocarpus,3,2.720221607,0.009383395,1.490337037,0.978258039,,,,,,,,,,,,,,,,,,,,,,,,,,,,,,,
908,Lithocarpus,1,2.437974684,0.0085417,1.458318957,0.985803104,,,,,,,,,,,,,,,,,,,,,,,,,,,,,,,
348,Lithocarpus,2,2.666666667,0.008702936,1.421429086,0.982714381,,,,,,,,,,,,,,,,,,,,,,,,,,,,,,,
252,Lithocarpus,2,2.458515284,0.007558078,1.511932265,0.984399842,,,,,,,,,,,,,,,,,,,,,,,,,,,,,,,
149,Lithocarpus,1,2.462724936,0.008538029,1.413504574,0.9822703,,,,,,,,,,,,,,,,,,,,,,,,,,,,,,,
585,Lithocarpus,2,2.541450777,0.008414309,1.405475425,0.987319214,,,,,,,,,,,,,,,,,,,,,,,,,,,,,,,
811,Lithocarpus,2,2.396648045,0.009405634,1.452524956,0.987084875,,,,,,,,,,,,,,,,,,,,,,,,,,,,,,,
597,Lithocarpus,2,2.357326478,0.009235201,1.50219615,0.978012127,,,,,,,,,,,,,,,,,,,,,,,,,,,,,,,
519,Lithocarpus,3,2.359459459,0.009529504,1.497142539,0.977849709,,,,,,,,,,,,,,,,,,,,,,,,,,,,,,,
1131,Lithocarpus,1,2.329048843,0.008842367,1.468591263,0.986483639,,,,,,,,,,,,,,,,,,,,,,,,,,,,,,,
410,Lithocarpus,2,2.664310954,0.012865506,1.624418578,0.957209944,,,,,,,,,,,,,,,,,,,,,,,,,,,,,,,
1147,Lithocarpus,2,2.304054054,0.012516224,1.532246924,0.976330323,,,,,,,,,,,,,,,,,,,,,,,,,,,,,,,
1483,Lithocarpus,2,2.666666667,0.013002804,1.680895529,0.959634929,,,,,,,,,,,,,,,,,,,,,,,,,,,,,,,
1394,Lithocarpus,1,2.323432343,0.012378406,1.624900021,0.951012115,,,,,,,,,,,,,,,,,,,,,,,,,,,,,,,
241,Lithocarpus,2,2.47440273,0.012376049,1.61783522,0.962505307,,,,,,,,,,,,,,,,,,,,,,,,,,,,,,,
1036,Lithocarpus,2,2.334437086,0.012508179,1.619900482,0.955051987,,,,,,,,,,,,,,,,,,,,,,,,,,,,,,,
616,Lithocarpus,4,2.480968858,0.012802752,1.577227542,1,,,,,,,,,,,,,,,,,,,,,,,,,,,,,,,
619,Lithocarpus,3,2.37,0.012714249,1.621979225,0.953225212,,,,,,,,,,,,,,,,,,,,,,,,,,,,,,,
233,Lithocarpus,2,2.913043478,0.013212473,1.6888828,0.956701364,,,,,,,,,,,,,,,,,,,,,,,,,,,,,,,
428,Lithocarpus,3,2.432432432,0.012476744,1.618407564,0.948215594,,,,,,,,,,,,,,,,,,,,,,,,,,,,,,,
856,Magnolia,2,1.877755511,0.007946988,1.583177576,0.96858725,,,,,,,,,,,,,,,,,,,,,,,,,,,,,,,
363,Magnolia,2,1.79350348,0.009336851,1.578231067,0.970066076,,,,,,,,,,,,,,,,,,,,,,,,,,,,,,,
1384,Magnolia,3,1.794432548,0.008335419,1.530752261,0.970646181,,,,,,,,,,,,,,,,,,,,,,,,,,,,,,,
328,Magnolia,2,1.709507042,0.007341686,1.608079936,0.961147743,,,,,,,,,,,,,,,,,,,,,,,,,,,,,,,
809,Magnolia,3,1.620869565,0.00734532,1.609961997,0.967188913,,,,,,,,,,,,,,,,,,,,,,,,,,,,,,,
214,Magnolia,2,1.710629921,0.007747684,1.52348808,0.971409376,,,,,,,,,,,,,,,,,,,,,,,,,,,,,,,
854,Magnolia,3,1.684021544,0.007327295,1.583235101,0.959713972,,,,,,,,,,,,,,,,,,,,,,,,,,,,,,,
1219,Magnolia,3,1.688695652,0.007255755,1.616548102,0.965304456,,,,,,,,,,,,,,,,,,,,,,,,,,,,,,,
1031,Magnolia,3,1.723232323,0.008385577,1.604297276,0.955604438,,,,,,,,,,,,,,,,,,,,,,,,,,,,,,,
1206,Magnolia,3,1.826722338,0.008333769,1.564214431,0.964183189,,,,,,,,,,,,,,,,,,,,,,,,,,,,,,,
411,Magnolia,1,2.203252033,0.010605531,1.638325178,0.966038741,,,,,,,,,,,,,,,,,,,,,,,,,,,,,,,
749,Magnolia,3,2.201591512,0.010510346,1.631345439,0.963094357,,,,,,,,,,,,,,,,,,,,,,,,,,,,,,,
562,Magnolia,2,2.087912088,0.01065199,1.561614451,0.969705422,,,,,,,,,,,,,,,,,,,,,,,,,,,,,,,
338,Magnolia,2,2.184986595,0.010283708,1.597442998,0.971408994,,,,,,,,,,,,,,,,,,,,,,,,,,,,,,,
748,Magnolia,2,2.336870027,0.010050855,1.596490132,0.967446943,,,,,,,,,,,,,,,,,,,,,,,,,,,,,,,
256,Magnolia,1,1.982248521,0.01140713,1.550575492,0.972056283,,,,,,,,,,,,,,,,,,,,,,,,,,,,,,,
8,Magnolia,3,1.961340206,0.009875638,1.503072138,0.987569825,,,,,,,,,,,,,,,,,,,,,,,,,,,,,,,
1049,Magnolia,2,2.056756757,0.010071362,1.536182703,0.976492878,,,,,,,,,,,,,,,,,,,,,,,,,,,,,,,
874,Magnolia,3,2.076923077,0.009376054,1.557953711,0.970597181,,,,,,,,,,,,,,,,,,,,,,,,,,,,,,,
1575,Magnolia,2,1.896373057,0.009783324,1.476654856,0.985509835,,,,,,,,,,,,,,,,,,,,,,,,,,,,,,,
390,Morus,40,1.175105485,0.01330164,1.584779947,0.912771055,,,,,,,,,,,,,,,,,,,,,,,,,,,,,,,
550,Morus,45,1.33819242,0.008162085,1.556178276,0.942405602,,,,,,,,,,,,,,,,,,,,,,,,,,,,,,,
716,Morus,51,1.215946844,0.009608939,1.546498773,0.940706929,,,,,,,,,,,,,,,,,,,,,,,,,,,,,,,
304,Morus,44,1.301369863,0.01059705,1.459091007,0.934894419,,,,,,,,,,,,,,,,,,,,,,,,,,,,,,,
1254,Morus,33,1.289433384,0.008245425,1.548343312,0.955857757,,,,,,,,,,,,,,,,,,,,,,,,,,,,,,,
711,Morus,52,1.256157635,0.006985161,1.530931379,0.952220912,,,,,,,,,,,,,,,,,,,,,,,,,,,,,,,
981,Morus,31,1.131147541,0.013039944,1.575178495,0.922006638,,,,,,,,,,,,,,,,,,,,,,,,,,,,,,,
1173,Morus,46,1.206779661,0.010292113,1.547426972,0.919002251,,,,,,,,,,,,,,,,,,,,,,,,,,,,,,,
1228,Morus,45,1.209302326,0.0118725,1.598141696,0.927065625,,,,,,,,,,,,,,,,,,,,,,,,,,,,,,,
1440,Morus,61,1.277108434,0.008656356,1.568764679,0.940082136,,,,,,,,,,,,,,,,,,,,,,,,,,,,,,,
502,Olea,2,3.300653595,0.025009619,1.748749519,0.966178804,,,,,,,,,,,,,,,,,,,,,,,,,,,,,,,
931,Olea,2,3.660550459,0.030018828,1.545028243,0.977982691,,,,,,,,,,,,,,,,,,,,,,,,,,,,,,,
449,Olea,2,3.279069767,0.027040106,1.650444619,0.970360189,,,,,,,,,,,,,,,,,,,,,,,,,,,,,,,
633,Olea,1,2.85840708,0.032703188,1.678809622,0.972110828,,,,,,,,,,,,,,,,,,,,,,,,,,,,,,,
1499,Olea,2,3.859649123,0.027698243,1.511799632,0.978665667,,,,,,,,,,,,,,,,,,,,,,,,,,,,,,,
732,Olea,2,2.840909091,0.03135283,1.830147521,0.980911728,,,,,,,,,,,,,,,,,,,,,,,,,,,,,,,
1032,Olea,2,3.634782609,0.027480484,1.513157895,0.985266977,,,,,,,,,,,,,,,,,,,,,,,,,,,,,,,
1251,Olea,2,3.308270677,0.027541887,1.678907505,0.976835627,,,,,,,,,,,,,,,,,,,,,,,,,,,,,,,
1505,Olea,2,3.954545455,0.028686301,1.526851527,0.975099854,,,,,,,,,,,,,,,,,,,,,,,,,,,,,,,
342,Olea,1,3.690909091,0.027860049,1.453539463,0.974591183,,,,,,,,,,,,,,,,,,,,,,,,,,,,,,,
1330,Phildelphus,4,2.137931034,0.012722627,1.644628224,0.951348797,,,,,,,,,,,,,,,,,,,,,,,,,,,,,,,
886,Phildelphus,6,2.238095238,0.013512162,1.516735622,0.982341163,,,,,,,,,,,,,,,,,,,,,,,,,,,,,,,
269,Phildelphus,11,2.232484076,0.012230309,1.5798487,0.961951155,,,,,,,,,,,,,,,,,,,,,,,,,,,,,,,
1271,Phildelphus,11,2.065217391,0.010924186,1.608040201,0.956854829,,,,,,,,,,,,,,,,,,,,,,,,,,,,,,,
609,Phildelphus,5,2.235087719,0.013881587,1.674506766,0.949228922,,,,,,,,,,,,,,,,,,,,,,,,,,,,,,,
952,Phildelphus,10,2.088957055,0.011907048,1.579113586,0.958277486,,,,,,,,,,,,,,,,,,,,,,,,,,,,,,,
673,Phildelphus,14,1.563380282,0.009575258,1.452756087,0.978044606,,,,,,,,,,,,,,,,,,,,,,,,,,,,,,,
1014,Phildelphus,3,2.132450331,0.012923266,1.615308589,0.965680944,,,,,,,,,,,,,,,,,,,,,,,,,,,,,,,
520,Phildelphus,19,1.939473684,0.010641703,1.600598953,0.963503043,,,,,,,,,,,,,,,,,,,,,,,,,,,,,,,
26,Phildelphus,4,2.208053691,0.012952005,1.611472715,0.967135074,,,,,,,,,,,,,,,,,,,,,,,,,,,,,,,
970,Populus,1,1.533665835,0.012824709,1.877012185,0.891500793,,,,,,,,,,,,,,,,,,,,,,,,,,,,,,,
656,Populus,3,1.43358396,0.012579191,1.737847222,0,,,,,,,,,,,,,,,,,,,,,,,,,,,,,,,
740,Populus,4,1.322418136,0.012168857,1.586175143,0.934285714,,,,,,,,,,,,,,,,,,,,,,,,,,,,,,,
559,Populus,4,1.515463918,0.012663138,1.735146482,0.91872202,,,,,,,,,,,,,,,,,,,,,,,,,,,,,,,
30,Populus,4,1.602150538,0.012287421,1.684767246,0.929158637,,,,,,,,,,,,,,,,,,,,,,,,,,,,,,,
455,Populus,4,1.548969072,0.012357501,1.772214622,0.916046084,,,,,,,,,,,,,,,,,,,,,,,,,,,,,,,
933,Populus,3,1.573643411,0.012722724,1.792307049,0.902803047,,,,,,,,,,,,,,,,,,,,,,,,,,,,,,,
994,Populus,3,1.397560976,0.01220541,1.785440147,0.923325947,,,,,,,,,,,,,,,,,,,,,,,,,,,,,,,
294,Populus,2,1.426395939,0.011900329,1.682673091,0.935237768,,,,,,,,,,,,,,,,,,,,,,,,,,,,,,,
367,Populus,4,1.496221662,0.012486312,1.793238228,0.75,,,,,,,,,,,,,,,,,,,,,,,,,,,,,,,
1223,Populus,4,1.183673469,0.012611259,1.746773202,0.888542518,,,,,,,,,,,,,,,,,,,,,,,,,,,,,,,
1545,Populus,6,1.20045045,0.013128322,1.79690205,0.891529541,,,,,,,,,,,,,,,,,,,,,,,,,,,,,,,
440,Populus,4,1.148230089,0.012425708,1.780648687,0.891582706,,,,,,,,,,,,,,,,,,,,,,,,,,,,,,,
530,Populus,2,1.102222222,0.012064302,1.695687848,0.900555732,,,,,,,,,,,,,,,,,,,,,,,,,,,,,,,
388,Populus,5,1.212765957,0.012234366,1.64692623,0.905039775,,,,,,,,,,,,,,,,,,,,,,,,,,,,,,,
1001,Populus,3,1.183066362,0.012509862,1.713972507,0.896102825,,,,,,,,,,,,,,,,,,,,,,,,,,,,,,,
694,Populus,7,1.139689579,0.012875081,1.758764842,0.869122338,,,,,,,,,,,,,,,,,,,,,,,,,,,,,,,
1521,Populus,3,1.053691275,0.012086108,1.600360303,0.90403958,,,,,,,,,,,,,,,,,,,,,,,,,,,,,,,
237,Populus,8,1.167800454,0.012511008,1.724173271,0.888802878,,,,,,,,,,,,,,,,,,,,,,,,,,,,,,,
561,Populus,5,1.130530973,0.012593425,1.754359847,0.88687504,,,,,,,,,,,,,,,,,,,,,,,,,,,,,,,
634,Populus,6,1.237762238,0.012464411,1.66728147,0.893485414,,,,,,,,,,,,,,,,,,,,,,,,,,,,,,,
601,Populus,6,1.269230769,0.014156671,1.66018066,0.900761193,,,,,,,,,,,,,,,,,,,,,,,,,,,,,,,
397,Populus,5,1.275058275,0.012163874,1.670223064,0.892340136,,,,,,,,,,,,,,,,,,,,,,,,,,,,,,,
883,Populus,5,1.538043478,0.012634164,1.54071707,0.902511592,,,,,,,,,,,,,,,,,,,,,,,,,,,,,,,
470,Populus,5,1.439528024,0.015010833,1.706716187,0.883773662,,,,,,,,,,,,,,,,,,,,,,,,,,,,,,,
1413,Populus,6,1.265582656,0.014876182,1.726268232,0.874706844,,,,,,,,,,,,,,,,,,,,,,,,,,,,,,,
712,Populus,5,1.219907407,0.012637097,1.666866791,0.904582236,,,,,,,,,,,,,,,,,,,,,,,,,,,,,,,
282,Populus,5,1.191873589,0.011977815,1.605535192,0.897925502,,,,,,,,,,,,,,,,,,,,,,,,,,,,,,,
188,Populus,6,1.120204604,0.014679936,1.697539797,0.896126626,,,,,,,,,,,,,,,,,,,,,,,,,,,,,,,
985,Populus,4,1.224586288,0.012079896,1.584006246,0.905039644,,,,,,,,,,,,,,,,,,,,,,,,,,,,,,,
894,Prunus,86,2.27173913,0.016560828,1.749023576,0.88747828,,,,,,,,,,,,,,,,,,,,,,,,,,,,,,,
987,Prunus,59,2.444108761,0.014771696,1.699849553,0.907989183,,,,,,,,,,,,,,,,,,,,,,,,,,,,,,,
924,Prunus,84,2.705357143,0.014453584,1.709048179,1,,,,,,,,,,,,,,,,,,,,,,,,,,,,,,,
1286,Prunus,91,2.503597122,0.012726642,1.717457512,0.908906363,,,,,,,,,,,,,,,,,,,,,,,,,,,,,,,
81,Prunus,83,2.692090395,0.016081055,1.698008365,0.896610193,,,,,,,,,,,,,,,,,,,,,,,,,,,,,,,
1340,Prunus,85,2.181818182,0.014692839,1.678327134,0.896634884,,,,,,,,,,,,,,,,,,,,,,,,,,,,,,,
456,Prunus,72,2.90060241,0.013466613,1.62226507,0.924080402,,,,,,,,,,,,,,,,,,,,,,,,,,,,,,,
1322,Prunus,68,2.507204611,0.015049404,1.743386289,0.899227334,,,,,,,,,,,,,,,,,,,,,,,,,,,,,,,
865,Prunus,90,2.246537396,0.017092882,1.690071004,0.896737945,,,,,,,,,,,,,,,,,,,,,,,,,,,,,,,
145,Prunus,86,2.711956522,0.013218221,1.668812905,0.905370434,,,,,,,,,,,,,,,,,,,,,,,,,,,,,,,
1547,Prunus,52,1.957055215,0.014605778,1.636759973,0.928463472,,,,,,,,,,,,,,,,,,,,,,,,,,,,,,,
542,Prunus,52,2.349090909,0.017005328,1.71161276,0.918360322,,,,,,,,,,,,,,,,,,,,,,,,,,,,,,,
1324,Prunus,58,2.184491979,0.013472267,1.746524761,0.93061555,,,,,,,,,,,,,,,,,,,,,,,,,,,,,,,
1496,Prunus,60,1.645539906,0.012764751,1.627620262,0.936264844,,,,,,,,,,,,,,,,,,,,,,,,,,,,,,,
1414,Prunus,53,2.029325513,0.015185392,1.800666936,0.916459732,,,,,,,,,,,,,,,,,,,,,,,,,,,,,,,
1172,Prunus,91,1.755144033,0.011630927,1.607231335,0.921996178,,,,,,,,,,,,,,,,,,,,,,,,,,,,,,,
80,Prunus,74,1.771698113,0.011808929,1.741834549,0.893499994,,,,,,,,,,,,,,,,,,,,,,,,,,,,,,,
1411,Prunus,75,1.75,0.013179117,1.637839559,0.918299607,,,,,,,,,,,,,,,,,,,,,,,,,,,,,,,
1468,Prunus,100,1.859913793,0.012845591,1.721481112,0.917138994,,,,,,,,,,,,,,,,,,,,,,,,,,,,,,,
859,Prunus,88,1.829885057,0.013111086,1.655669038,0.919982373,,,,,,,,,,,,,,,,,,,,,,,,,,,,,,,
1023,Pterocarya,6,3.541237113,0.017799102,1.473434011,0.966860113,,,,,,,,,,,,,,,,,,,,,,,,,,,,,,,
1076,Pterocarya,34,3.395939086,0.01742861,1.359153114,0.966358191,,,,,,,,,,,,,,,,,,,,,,,,,,,,,,,
762,Pterocarya,34,3.44047619,0.019398858,1.349360088,0.967876487,,,,,,,,,,,,,,,,,,,,,,,,,,,,,,,
966,Pterocarya,20,3.479166667,0.017657748,1.404037308,0.968528958,,,,,,,,,,,,,,,,,,,,,,,,,,,,,,,
1518,Pterocarya,32,3.362694301,0.018116098,1.351499784,0.952740883,,,,,,,,,,,,,,,,,,,,,,,,,,,,,,,
2,Pterocarya,19,3.286486486,0.017548677,1.342772213,0.966038967,,,,,,,,,,,,,,,,,,,,,,,,,,,,,,,
1328,Pterocarya,12,3.165680473,0.01979434,1.423791002,0.972559629,,,,,,,,,,,,,,,,,,,,,,,,,,,,,,,
937,Pterocarya,6,2.885350318,0.021297567,1.374504764,0.968486319,,,,,,,,,,,,,,,,,,,,,,,,,,,,,,,
431,Pterocarya,4,3.965909091,0.017625063,1.316233272,0.967358677,,,,,,,,,,,,,,,,,,,,,,,,,,,,,,,
1408,Pterocarya,33,3.533742331,0.019921031,1.398912315,0.966096505,,,,,,,,,,,,,,,,,,,,,,,,,,,,,,,
1310,Quercus,11,2.25,0.014929909,1.664126429,0.8779121,,,,,,,,,,,,,,,,,,,,,,,,,,,,,,,
1584,Quercus,15,2.003095975,0.013445927,1.588436046,0.920053704,,,,,,,,,,,,,,,,,,,,,,,,,,,,,,,
955,Quercus,8,1.817391304,0.013687497,1.643069281,1,,,,,,,,,,,,,,,,,,,,,,,,,,,,,,,
759,Quercus,8,1.555256065,0.013122881,1.627564132,0.878201442,,,,,,,,,,,,,,,,,,,,,,,,,,,,,,,
595,Quercus,9,1.696883853,0.013413985,1.608818382,1,,,,,,,,,,,,,,,,,,,,,,,,,,,,,,,
1157,Quercus,15,2.283333333,0.014485814,1.561823115,0.896069857,,,,,,,,,,,,,,,,,,,,,,,,,,,,,,,
134,Quercus,15,1.990936556,0.014084614,1.659785421,0.898477105,,,,,,,,,,,,,,,,,,,,,,,,,,,,,,,
21,Quercus,7,1.967647059,0.014992093,1.729260431,0.8421826,,,,,,,,,,,,,,,,,,,,,,,,,,,,,,,
1134,Quercus,16,2.115987461,0.01467784,1.635872579,0.883245432,,,,,,,,,,,,,,,,,,,,,,,,,,,,,,,
260,Quercus,11,1.887905605,0.014505438,1.651154118,0.884752231,,,,,,,,,,,,,,,,,,,,,,,,,,,,,,,
517,Quercus,8,1.425257732,0.010945606,1.492079387,0.934676425,,,,,,,,,,,,,,,,,,,,,,,,,,,,,,,
206,Quercus,6,1.44047619,0.01260248,1.479758688,0.938676669,,,,,,,,,,,,,,,,,,,,,,,,,,,,,,,
387,Quercus,6,1.605263158,0.012130371,1.53371998,0.937288397,,,,,,,,,,,,,,,,,,,,,,,,,,,,,,,
478,Quercus,13,1.797687861,0.011347895,1.361317216,0.926390757,,,,,,,,,,,,,,,,,,,,,,,,,,,,,,,
392,Quercus,6,1.609418283,0.010902846,1.396076839,0.946574396,,,,,,,,,,,,,,,,,,,,,,,,,,,,,,,
142,Quercus,8,1.620111732,0.010961104,1.425149454,0.940210685,,,,,,,,,,,,,,,,,,,,,,,,,,,,,,,
340,Quercus,5,1.224324324,0.011387155,1.360371401,0.958813484,,,,,,,,,,,,,,,,,,,,,,,,,,,,,,,
204,Quercus,12,1.510971787,0.013477114,1.448088152,0.920309763,,,,,,,,,,,,,,,,,,,,,,,,,,,,,,,
243,Quercus,8,1.674846626,0.0121199,1.427725774,0.937215843,,,,,,,,,,,,,,,,,,,,,,,,,,,,,,,
1457,Quercus,8,1.604863222,0.012281258,1.411913877,0.927878479,,,,,,,,,,,,,,,,,,,,,,,,,,,,,,,
508,Quercus,4,1.492836676,0.011416742,1.383929795,0.96495055,,,,,,,,,,,,,,,,,,,,,,,,,,,,,,,
958,Quercus,11,1.174563591,0.011590892,1.438359607,0.940969192,,,,,,,,,,,,,,,,,,,,,,,,,,,,,,,
1312,Quercus,12,1.437837838,0.011860745,1.497542642,0.949367917,,,,,,,,,,,,,,,,,,,,,,,,,,,,,,,
861,Quercus,11,1.371657754,0.011778133,1.459803698,0.943102732,,,,,,,,,,,,,,,,,,,,,,,,,,,,,,,
75,Quercus,19,1.526610644,0.012201978,1.478255254,1,,,,,,,,,,,,,,,,,,,,,,,,,,,,,,,
728,Quercus,16,1.54084507,0.012485639,1.477467264,0.945519428,,,,,,,,,,,,,,,,,,,,,,,,,,,,,,,
1374,Quercus,11,1.293506494,0.011724605,1.458766063,0.950526588,,,,,,,,,,,,,,,,,,,,,,,,,,,,,,,
849,Quercus,21,1.363395225,0.012353751,1.473160051,0.93765954,,,,,,,,,,,,,,,,,,,,,,,,,,,,,,,
133,Quercus,13,1.671511628,0.011913008,1.505682467,0,,,,,,,,,,,,,,,,,,,,,,,,,,,,,,,
1449,Quercus,18,1.272493573,0.01235496,1.462206124,0.936430073,,,,,,,,,,,,,,,,,,,,,,,,,,,,,,,
1507,Quercus,26,2.290429043,0.016031685,1.659042675,0.892162925,,,,,,,,,,,,,,,,,,,,,,,,,,,,,,,
452,Quercus,17,2.077586207,0.015266382,1.743569132,0.876924115,,,,,,,,,,,,,,,,,,,,,,,,,,,,,,,
642,Quercus,18,1.961956522,0.014524843,1.810127876,0.870991878,,,,,,,,,,,,,,,,,,,,,,,,,,,,,,,
14,Quercus,14,2.60546875,0.01533078,1.528173552,0.921777941,,,,,,,,,,,,,,,,,,,,,,,,,,,,,,,
1205,Quercus,21,2.150306748,0.015308793,1.661185741,0.882712812,,,,,,,,,,,,,,,,,,,,,,,,,,,,,,,
999,Quercus,25,2.085152838,0.011643456,1.730455768,0.876234194,,,,,,,,,,,,,,,,,,,,,,,,,,,,,,,
896,Quercus,21,2.072992701,0.01634116,1.575717077,0.911662062,,,,,,,,,,,,,,,,,,,,,,,,,,,,,,,
494,Quercus,17,2.216066482,0.012546321,1.664390233,0.912321315,,,,,,,,,,,,,,,,,,,,,,,,,,,,,,,
742,Quercus,15,2.294117647,0.012057299,1.553739344,0.926349588,,,,,,,,,,,,,,,,,,,,,,,,,,,,,,,
1424,Quercus,17,2.252631579,0.016548876,1.679394218,0.874721836,,,,,,,,,,,,,,,,,,,,,,,,,,,,,,,
179,Quercus,10,2.607594937,0.017243587,1.562870801,0.918901521,,,,,,,,,,,,,,,,,,,,,,,,,,,,,,,
848,Quercus,14,2.487889273,0.014590086,1.56272609,0.919028891,,,,,,,,,,,,,,,,,,,,,,,,,,,,,,,
1358,Quercus,9,2.789256198,0.015986775,1.508630642,0.918095238,,,,,,,,,,,,,,,,,,,,,,,,,,,,,,,
948,Quercus,22,2.388059701,0.012729794,1.581634159,0.924334114,,,,,,,,,,,,,,,,,,,,,,,,,,,,,,,
76,Quercus,24,3.353174603,0.013569999,1.397289937,0.938871342,,,,,,,,,,,,,,,,,,,,,,,,,,,,,,,
596,Quercus,22,2.704,0.015074645,1.448331419,0.926624688,,,,,,,,,,,,,,,,,,,,,,,,,,,,,,,
1095,Quercus,6,2.659722222,0.01273842,1.502779292,0.941009676,,,,,,,,,,,,,,,,,,,,,,,,,,,,,,,
826,Quercus,11,2.440677966,0.013884538,1.623046651,0.914649444,,,,,,,,,,,,,,,,,,,,,,,,,,,,,,,
139,Quercus,12,2.212643678,0.011404011,1.489916541,0.931966046,,,,,,,,,,,,,,,,,,,,,,,,,,,,,,,
10,Quercus,12,2.615131579,0.013185504,1.599735231,0.91936033,,,,,,,,,,,,,,,,,,,,,,,,,,,,,,,
1048,Quercus,3,2.510510511,0.011383779,1.566538555,0.943567478,,,,,,,,,,,,,,,,,,,,,,,,,,,,,,,
492,Quercus,9,2.472826087,0.010531731,1.566103914,0.919869367,,,,,,,,,,,,,,,,,,,,,,,,,,,,,,,
228,Quercus,10,2.786350148,0.011189042,1.538094752,0.923830653,,,,,,,,,,,,,,,,,,,,,,,,,,,,,,,
1051,Quercus,17,2.657681941,0.011567635,1.695996068,0.891491416,,,,,,,,,,,,,,,,,,,,,,,,,,,,,,,
863,Quercus,17,2.675,0.012262858,1.702558159,0.885737066,,,,,,,,,,,,,,,,,,,,,,,,,,,,,,,
766,Quercus,11,2.686842105,0.010146201,1.549812255,0.92379208,,,,,,,,,,,,,,,,,,,,,,,,,,,,,,,
825,Quercus,11,2.614609572,0.009300097,1.451681768,0.925458857,,,,,,,,,,,,,,,,,,,,,,,,,,,,,,,
1037,Quercus,14,2.473684211,0.016610829,1.755652296,0.900576237,,,,,,,,,,,,,,,,,,,,,,,,,,,,,,,
1508,Quercus,15,2.567567568,0.010042159,1.615386076,0.916271271,,,,,,,,,,,,,,,,,,,,,,,,,,,,,,,
815,Quercus,16,2.590909091,0.012555464,1.640817181,0.912925246,,,,,,,,,,,,,,,,,,,,,,,,,,,,,,,
901,Quercus,13,2.751724138,0.017629022,1.760771812,0.823054731,,,,,,,,,,,,,,,,,,,,,,,,,,,,,,,
1283,Quercus,14,2.157303371,0.021407959,2.076306197,0.733670835,,,,,,,,,,,,,,,,,,,,,,,,,,,,,,,
667,Quercus,9,2.656565657,0.016163441,1.779064206,1,,,,,,,,,,,,,,,,,,,,,,,,,,,,,,,
165,Quercus,11,2.37037037,0.018466568,1.891755046,0.80311616,,,,,,,,,,,,,,,,,,,,,,,,,,,,,,,
1554,Quercus,11,2.585284281,0.01665767,1.757205526,0.825440431,,,,,,,,,,,,,,,,,,,,,,,,,,,,,,,
548,Quercus,9,2.771428571,0.020951802,2.090580812,0.744210008,,,,,,,,,,,,,,,,,,,,,,,,,,,,,,,
240,Quercus,15,2.002762431,0.021522525,1.993149853,0.760459964,,,,,,,,,,,,,,,,,,,,,,,,,,,,,,,
1220,Quercus,12,2.475728155,0.018348972,1.796033887,1,,,,,,,,,,,,,,,,,,,,,,,,,,,,,,,
1502,Quercus,12,2.413580247,0.018120235,1.924177527,0.808946534,,,,,,,,,,,,,,,,,,,,,,,,,,,,,,,
897,Quercus,14,3.480286738,0.020499616,2.057625265,0.736505744,,,,,,,,,,,,,,,,,,,,,,,,,,,,,,,
1291,Quercus,2,2.956692913,0.012867633,1.451539018,0.972124215,,,,,,,,,,,,,,,,,,,,,,,,,,,,,,,
283,Quercus,4,2.713754647,0.012732608,1.492717709,0,,,,,,,,,,,,,,,,,,,,,,,,,,,,,,,
1479,Quercus,4,2.653136531,0.012652064,1.482406555,1,,,,,,,,,,,,,,,,,,,,,,,,,,,,,,,
458,Quercus,1,2.660377358,0.012551346,1.421154724,1,,,,,,,,,,,,,,,,,,,,,,,,,,,,,,,
168,Quercus,2,3.154150198,0.013369716,1.534545399,0.968124196,,,,,,,,,,,,,,,,,,,,,,,,,,,,,,,
821,Quercus,1,2.70411985,0.01259645,1.465460489,0.973102575,,,,,,,,,,,,,,,,,,,,,,,,,,,,,,,
923,Quercus,2,2.59057971,0.012556095,1.503531402,0.974533558,,,,,,,,,,,,,,,,,,,,,,,,,,,,,,,
326,Quercus,3,2.645283019,0.01230638,1.414662565,0.974173091,,,,,,,,,,,,,,,,,,,,,,,,,,,,,,,
1061,Quercus,3,2.580071174,0.012568036,1.550831652,1,,,,,,,,,,,,,,,,,,,,,,,,,,,,,,,
675,Quercus,1,2.707865169,0.012623616,1.466230689,0.965916943,,,,,,,,,,,,,,,,,,,,,,,,,,,,,,,
1390,Quercus,4,2.030674847,0.022803897,1.432291805,0.93233394,,,,,,,,,,,,,,,,,,,,,,,,,,,,,,,
1145,Quercus,5,1.813253012,0.022613711,1.426662479,0.950472023,,,,,,,,,,,,,,,,,,,,,,,,,,,,,,,
69,Quercus,4,1.603174603,0.03218633,1.489466292,0.923353193,,,,,,,,,,,,,,,,,,,,,,,,,,,,,,,
87,Quercus,3,1.883116883,0.024322287,1.463926312,0.9379609,,,,,,,,,,,,,,,,,,,,,,,,,,,,,,,
1257,Quercus,5,1.886363636,0.028448898,1.395609528,0.946928918,,,,,,,,,,,,,,,,,,,,,,,,,,,,,,,
632,Quercus,6,1.923566879,0.024410592,1.465068133,0.93245496,,,,,,,,,,,,,,,,,,,,,,,,,,,,,,,
22,Quercus,5,1.834482759,0.025917448,1.423982869,0.940952448,,,,,,,,,,,,,,,,,,,,,,,,,,,,,,,
1083,Quercus,5,1.74,0.025040583,1.352191483,0.945771875,,,,,,,,,,,,,,,,,,,,,,,,,,,,,,,
840,Quercus,5,1.711538462,0.02426291,1.393929253,0.943207845,,,,,,,,,,,,,,,,,,,,,,,,,,,,,,,
1027,Quercus,4,1.587912088,0.022265115,1.429915181,0.94495771,,,,,,,,,,,,,,,,,,,,,,,,,,,,,,,
163,Quercus,15,1.149741824,0.024456006,2.947693009,1,,,,,,,,,,,,,,,,,,,,,,,,,,,,,,,
605,Quercus,10,1.370510397,0.020975087,2.915719531,0,,,,,,,,,,,,,,,,,,,,,,,,,,,,,,,
1007,Quercus,10,1.301270417,0.022346284,3.000774752,0.54463805,,,,,,,,,,,,,,,,,,,,,,,,,,,,,,,
1530,Quercus,15,1.143598616,0.020288535,2.900971906,1,,,,,,,,,,,,,,,,,,,,,,,,,,,,,,,
576,Quercus,10,1.164556962,0.02259171,2.70259687,0.557629153,,,,,,,,,,,,,,,,,,,,,,,,,,,,,,,
510,Quercus,9,1.171171171,0.024199121,2.739200753,0.521800027,,,,,,,,,,,,,,,,,,,,,,,,,,,,,,,
469,Quercus,9,1.072164948,0.024744176,2.754841499,0.532764315,,,,,,,,,,,,,,,,,,,,,,,,,,,,,,,
841,Quercus,12,1.213483146,0.02136356,2.628903104,0.601552232,,,,,,,,,,,,,,,,,,,,,,,,,,,,,,,
1539,Quercus,9,1.148333333,0.024923587,3.143200377,0.501939402,,,,,,,,,,,,,,,,,,,,,,,,,,,,,,,
189,Quercus,14,1.166071429,0.0233251,2.779251378,0.518024354,,,,,,,,,,,,,,,,,,,,,,,,,,,,,,,
129,Quercus,9,2.029032258,0.01284214,1.481709448,0.917464833,,,,,,,,,,,,,,,,,,,,,,,,,,,,,,,
1142,Quercus,9,1.815625,0.012196328,1.414561031,0.942158965,,,,,,,,,,,,,,,,,,,,,,,,,,,,,,,
257,Quercus,10,1.893939394,0.012822852,1.56770192,0,,,,,,,,,,,,,,,,,,,,,,,,,,,,,,,
768,Quercus,8,1.857142857,0.012837088,1.528731349,0.914535843,,,,,,,,,,,,,,,,,,,,,,,,,,,,,,,
1072,Quercus,7,2.108552632,0.012049567,1.481404896,0.954317484,,,,,,,,,,,,,,,,,,,,,,,,,,,,,,,
426,Quercus,6,1.735202492,0.011225963,1.358949609,0.972244018,,,,,,,,,,,,,,,,,,,,,,,,,,,,,,,
755,Quercus,7,1.600591716,0.01176757,1.390946502,0.947131788,,,,,,,,,,,,,,,,,,,,,,,,,,,,,,,
63,Quercus,6,1.920118343,0.014634369,1.6693835,0.876695965,,,,,,,,,,,,,,,,,,,,,,,,,,,,,,,
369,Quercus,9,1.935185185,0.012267282,1.54307981,0.949758932,,,,,,,,,,,,,,,,,,,,,,,,,,,,,,,
382,Quercus,9,1.941558442,0.012160066,1.40068139,0.181818182,,,,,,,,,,,,,,,,,,,,,,,,,,,,,,,
581,Quercus,3,3.451612903,0.025244017,1.419227169,0.981711378,,,,,,,,,,,,,,,,,,,,,,,,,,,,,,,
706,Quercus,2,3.369565217,0.024772994,1.537411054,0.968421177,,,,,,,,,,,,,,,,,,,,,,,,,,,,,,,
1110,Quercus,3,3.385135135,0.022460938,1.508544922,0.975834431,,,,,,,,,,,,,,,,,,,,,,,,,,,,,,,
1167,Quercus,4,3.612676056,0.021031131,1.377728184,0.982147395,,,,,,,,,,,,,,,,,,,,,,,,,,,,,,,
816,Quercus,2,3.320610687,0.023191529,1.334918478,0.973840872,,,,,,,,,,,,,,,,,,,,,,,,,,,,,,,
309,Quercus,4,3.266666667,0.026045639,1.379714906,0.974603451,,,,,,,,,,,,,,,,,,,,,,,,,,,,,,,
270,Quercus,3,3.839160839,0.020608202,1.359569825,0.968323219,,,,,,,,,,,,,,,,,,,,,,,,,,,,,,,
1275,Quercus,3,3.424460432,0.023064764,1.473028029,0.977884562,,,,,,,,,,,,,,,,,,,,,,,,,,,,,,,
684,Quercus,3,3.684563758,0.02005813,1.382287337,0.978521984,,,,,,,,,,,,,,,,,,,,,,,,,,,,,,,
330,Quercus,2,3.21969697,0.025569414,1.521149675,0.981514537,,,,,,,,,,,,,,,,,,,,,,,,,,,,,,,
1292,Quercus,3,1.878504673,0.011712864,1.473149459,0.969309776,,,,,,,,,,,,,,,,,,,,,,,,,,,,,,,
1123,Quercus,5,2.226804124,0.012187881,1.435505481,0.970330692,,,,,,,,,,,,,,,,,,,,,,,,,,,,,,,
315,Quercus,4,2.135313531,0.012221631,1.490012921,0.964475477,,,,,,,,,,,,,,,,,,,,,,,,,,,,,,,
101,Quercus,6,1.872274143,0.011936057,1.465764561,0.961296729,,,,,,,,,,,,,,,,,,,,,,,,,,,,,,,
920,Quercus,4,2.135416667,0.011714412,1.347309489,0.980266739,,,,,,,,,,,,,,,,,,,,,,,,,,,,,,,
1236,Quercus,3,1.721212121,0.011596626,1.424424348,0.967888957,,,,,,,,,,,,,,,,,,,,,,,,,,,,,,,
215,Quercus,3,2.188356164,0.011862008,1.419697477,0.970386067,,,,,,,,,,,,,,,,,,,,,,,,,,,,,,,
898,Quercus,3,1.805555556,0.011809884,1.444158298,0,,,,,,,,,,,,,,,,,,,,,,,,,,,,,,,
899,Quercus,1,1.743119266,0.011648064,1.417155804,0.971179039,,,,,,,,,,,,,,,,,,,,,,,,,,,,,,,
1101,Quercus,4,1.980707396,0.011745887,1.459293114,0.972905108,,,,,,,,,,,,,,,,,,,,,,,,,,,,,,,
1281,Quercus,13,1.162818955,0.019699101,3.077807737,0.53260812,,,,,,,,,,,,,,,,,,,,,,,,,,,,,,,
445,Quercus,8,1.094007051,0.015515183,2.164152278,0.543984874,,,,,,,,,,,,,,,,,,,,,,,,,,,,,,,
767,Quercus,12,1.120670391,0.020294905,3.218235659,0.497379565,,,,,,,,,,,,,,,,,,,,,,,,,,,,,,,
779,Quercus,13,1.372294372,0.019238191,2.992399166,0.537446793,,,,,,,,,,,,,,,,,,,,,,,,,,,,,,,
938,Quercus,12,1.4,0.022267062,2.806879943,0.548651343,,,,,,,,,,,,,,,,,,,,,,,,,,,,,,,
824,Quercus,10,1.149595687,0.026249281,3.43261419,0.466211484,,,,,,,,,,,,,,,,,,,,,,,,,,,,,,,
1419,Quercus,9,1.338129496,0.017704547,2.813703937,1,,,,,,,,,,,,,,,,,,,,,,,,,,,,,,,
344,Quercus,14,1.037296037,0.021261349,3.162982968,0.508569587,,,,,,,,,,,,,,,,,,,,,,,,,,,,,,,
490,Quercus,16,1.29519774,0.020571031,3.014094708,0.50976367,,,,,,,,,,,,,,,,,,,,,,,,,,,,,,,
564,Quercus,13,1.095074456,0.021719416,3.114564324,0.47298655,,,,,,,,,,,,,,,,,,,,,,,,,,,,,,,
1480,Quercus,10,1.727536232,0.011733876,1.505127623,0.954512996,,,,,,,,,,,,,,,,,,,,,,,,,,,,,,,
1327,Quercus,5,2.050724638,0.013221897,1.399371154,0.96629042,,,,,,,,,,,,,,,,,,,,,,,,,,,,,,,
682,Quercus,5,1.95112782,0.014631194,1.491798319,0.953641696,,,,,,,,,,,,,,,,,,,,,,,,,,,,,,,
1225,Quercus,12,2.336996337,0.014770868,1.524112042,0.924491195,,,,,,,,,,,,,,,,,,,,,,,,,,,,,,,
654,Quercus,4,1.854304636,0.012610416,1.441969919,0.962497675,,,,,,,,,,,,,,,,,,,,,,,,,,,,,,,
785,Quercus,8,1.888513514,0.013844544,1.492360698,0.927443265,,,,,,,,,,,,,,,,,,,,,,,,,,,,,,,
82,Quercus,8,1.908163265,0.012809426,1.412239166,0.966460492,,,,,,,,,,,,,,,,,,,,,,,,,,,,,,,
871,Quercus,6,2.185314685,0.012141558,1.360691802,0.966245445,,,,,,,,,,,,,,,,,,,,,,,,,,,,,,,
1516,Quercus,7,1.882352941,0.011715641,1.480443317,0.95398787,,,,,,,,,,,,,,,,,,,,,,,,,,,,,,,
1166,Quercus,3,2.006920415,0.013278075,1.50688626,0.953306906,,,,,,,,,,,,,,,,,,,,,,,,,,,,,,,
275,Quercus,6,1.725274725,0.013759968,1.737800382,0.888670625,,,,,,,,,,,,,,,,,,,,,,,,,,,,,,,
1171,Quercus,5,1.584487535,0.013056935,1.570269428,0.925592358,,,,,,,,,,,,,,,,,,,,,,,,,,,,,,,
3,Quercus,5,1.631853786,0.013869678,1.819207794,0.8762506,,,,,,,,,,,,,,,,,,,,,,,,,,,,,,,
628,Quercus,7,1.850746269,0.013421747,1.579431648,0.906531348,,,,,,,,,,,,,,,,,,,,,,,,,,,,,,,
66,Quercus,4,1.587431694,0.013591333,1.615507339,0.904525988,,,,,,,,,,,,,,,,,,,,,,,,,,,,,,,
1436,Quercus,6,1.620396601,0.013473418,1.536137062,0.924887523,,,,,,,,,,,,,,,,,,,,,,,,,,,,,,,
1081,Quercus,10,1.754285714,0.0136903,1.633562138,0.903952376,,,,,,,,,,,,,,,,,,,,,,,,,,,,,,,
801,Quercus,9,1.655080214,0.014108584,1.758870098,1,,,,,,,,,,,,,,,,,,,,,,,,,,,,,,,
1130,Quercus,9,1.81512605,0.014169933,1.760480956,0.896973575,,,,,,,,,,,,,,,,,,,,,,,,,,,,,,,
1366,Quercus,4,1.950617284,0.012810565,1.557716007,0.916781097,,,,,,,,,,,,,,,,,,,,,,,,,,,,,,,
733,Quercus,2,2.564971751,0.020930372,1.606421046,0.948086331,,,,,,,,,,,,,,,,,,,,,,,,,,,,,,,
618,Quercus,2,2.626943005,0.018310358,1.575801984,0.961197044,,,,,,,,,,,,,,,,,,,,,,,,,,,,,,,
267,Quercus,2,2.380681818,0.02096994,1.56995657,0.955956255,,,,,,,,,,,,,,,,,,,,,,,,,,,,,,,
539,Quercus,1,2.515151515,0.021089939,1.498063839,0.966380168,,,,,,,,,,,,,,,,,,,,,,,,,,,,,,,
803,Quercus,2,2.848314607,0.019983377,1.595946735,0.958455192,,,,,,,,,,,,,,,,,,,,,,,,,,,,,,,
35,Quercus,2,2.226600985,0.018972118,1.554290748,0.959318081,,,,,,,,,,,,,,,,,,,,,,,,,,,,,,,
1348,Quercus,2,2.49112426,0.023756655,1.698756059,0.953313409,,,,,,,,,,,,,,,,,,,,,,,,,,,,,,,
1006,Quercus,3,2.797619048,0.020770179,1.544268643,0.961028334,,,,,,,,,,,,,,,,,,,,,,,,,,,,,,,
777,Quercus,2,3.283783784,0.022003331,1.479117399,0.954075798,,,,,,,,,,,,,,,,,,,,,,,,,,,,,,,
1294,Quercus,2,3.183206107,0.026080561,1.545230821,0.952115371,,,,,,,,,,,,,,,,,,,,,,,,,,,,,,,
497,Quercus,2,2.598837209,0.01011282,1.536589022,0.973003535,,,,,,,,,,,,,,,,,,,,,,,,,,,,,,,
263,Quercus,2,2.789634146,0.010268907,1.489562343,0.979610662,,,,,,,,,,,,,,,,,,,,,,,,,,,,,,,
1194,Quercus,1,2.750684932,0.009156059,1.487950951,0.983585101,,,,,,,,,,,,,,,,,,,,,,,,,,,,,,,
812,Quercus,1,3.108108108,0.010738621,1.45417263,0.982191683,,,,,,,,,,,,,,,,,,,,,,,,,,,,,,,
1365,Quercus,1,2.71849866,0.009063994,1.497031443,0.97557643,,,,,,,,,,,,,,,,,,,,,,,,,,,,,,,
1282,Quercus,1,2.815625,0.010806069,1.542379047,0.976828628,,,,,,,,,,,,,,,,,,,,,,,,,,,,,,,
1380,Quercus,2,2.493606138,0.008495623,1.443290578,0.985630655,,,,,,,,,,,,,,,,,,,,,,,,,,,,,,,
979,Quercus,2,2.98265896,0.009257439,1.432223751,0.983852839,,,,,,,,,,,,,,,,,,,,,,,,,,,,,,,
435,Quercus,2,3.040677966,0.010933355,1.447288539,0.974275343,,,,,,,,,,,,,,,,,,,,,,,,,,,,,,,
307,Quercus,2,2.839116719,0.010487726,1.471065943,0.979111353,,,,,,,,,,,,,,,,,,,,,,,,,,,,,,,
1339,Quercus,6,2.336134454,0.016443765,1.592950609,0.928206748,,,,,,,,,,,,,,,,,,,,,,,,,,,,,,,
879,Quercus,1,2.706422018,0.016606277,1.518052097,0.93196382,,,,,,,,,,,,,,,,,,,,,,,,,,,,,,,
1244,Quercus,2,2.52991453,0.016278777,1.585841356,0.936349447,,,,,,,,,,,,,,,,,,,,,,,,,,,,,,,
1329,Quercus,1,2.379746835,0.016466996,1.557756853,0.91669604,,,,,,,,,,,,,,,,,,,,,,,,,,,,,,,
664,Quercus,2,2.196721311,0.014889503,1.428693154,0.93300234,,,,,,,,,,,,,,,,,,,,,,,,,,,,,,,
1100,Quercus,4,1.947916667,0.01434835,1.520153551,0.930146505,,,,,,,,,,,,,,,,,,,,,,,,,,,,,,,
1353,Quercus,1,2.37745098,0.018312592,1.523841794,0.929815742,,,,,,,,,,,,,,,,,,,,,,,,,,,,,,,
918,Quercus,5,2.472560976,0.012027849,1.581564037,0.916370455,,,,,,,,,,,,,,,,,,,,,,,,,,,,,,,
1253,Quercus,1,2.356846473,0.015652744,1.548174035,0.945496834,,,,,,,,,,,,,,,,,,,,,,,,,,,,,,,
851,Quercus,4,2.047457627,0.014302149,1.552929282,0.913244825,,,,,,,,,,,,,,,,,,,,,,,,,,,,,,,
202,Quercus,6,2.602739726,0.014293748,1.686373446,1,,,,,,,,,,,,,,,,,,,,,,,,,,,,,,,
1168,Quercus,4,2.465346535,0.013549682,1.721014934,1,,,,,,,,,,,,,,,,,,,,,,,,,,,,,,,
852,Quercus,12,2.222222222,0.01659234,1.675188221,1,,,,,,,,,,,,,,,,,,,,,,,,,,,,,,,
487,Quercus,9,2.333333333,0.013409889,1.473762765,1,,,,,,,,,,,,,,,,,,,,,,,,,,,,,,,
349,Quercus,12,2.644067797,0.015041939,1.749823193,1,,,,,,,,,,,,,,,,,,,,,,,,,,,,,,,
1454,Quercus,6,2.445901639,0.014428084,1.729621662,1,,,,,,,,,,,,,,,,,,,,,,,,,,,,,,,
67,Quercus,8,2.920454545,0.014583095,1.549217947,1,,,,,,,,,,,,,,,,,,,,,,,,,,,,,,,
1529,Quercus,10,2.8,0.014987877,1.72854613,0,,,,,,,,,,,,,,,,,,,,,,,,,,,,,,,
944,Quercus,9,2.761403509,0.01510919,1.707262306,1,,,,,,,,,,,,,,,,,,,,,,,,,,,,,,,
989,Quercus,12,2.543554007,0.014075934,1.594080499,0,,,,,,,,,,,,,,,,,,,,,,,,,,,,,,,
1459,Quercus,2,2.106589147,0.009943374,2.111760365,0.835655151,,,,,,,,,,,,,,,,,,,,,,,,,,,,,,,
1388,Quercus,2,2.311004785,0.011656613,1.981810775,0.853763214,,,,,,,,,,,,,,,,,,,,,,,,,,,,,,,
1180,Quercus,3,2.096997691,0.012489136,2.109226296,0.823914408,,,,,,,,,,,,,,,,,,,,,,,,,,,,,,,
1559,Quercus,2,2.983213429,0.010803928,2.001612872,0.852095059,,,,,,,,,,,,,,,,,,,,,,,,,,,,,,,
1571,Quercus,1,2.62716763,0.014885457,2.173483985,0.814163211,,,,,,,,,,,,,,,,,,,,,,,,,,,,,,,
730,Quercus,2,2.434567901,0.009812571,1.661770091,0.935366279,,,,,,,,,,,,,,,,,,,,,,,,,,,,,,,
485,Quercus,2,3.012931034,0.013566181,2.689487039,0.683779801,,,,,,,,,,,,,,,,,,,,,,,,,,,,,,,
724,Quercus,2,2.508130081,0.008396666,1.771932897,0.902268484,,,,,,,,,,,,,,,,,,,,,,,,,,,,,,,
693,Quercus,1,2.383587786,0.009276404,1.973726907,0.861901526,,,,,,,,,,,,,,,,,,,,,,,,,,,,,,,
753,Quercus,1,2.74559194,0.011786942,1.893304982,0.88036394,,,,,,,,,,,,,,,,,,,,,,,,,,,,,,,
130,Quercus,10,1.013986014,0.02582286,4.294489963,0.425634864,,,,,,,,,,,,,,,,,,,,,,,,,,,,,,,
417,Quercus,13,1.071979434,0.023725181,3.660040614,0.464722312,,,,,,,,,,,,,,,,,,,,,,,,,,,,,,,
1446,Quercus,16,1.184110971,0.023516273,3.922681824,0.429603418,,,,,,,,,,,,,,,,,,,,,,,,,,,,,,,
1262,Quercus,11,1.015082956,0.028392808,3.934423194,0.429956712,,,,,,,,,,,,,,,,,,,,,,,,,,,,,,,
329,Quercus,11,1.010123735,0.023582626,3.93778054,0.461787564,,,,,,,,,,,,,,,,,,,,,,,,,,,,,,,
354,Quercus,12,1.114450867,0.024736858,4.215629771,0.404423226,,,,,,,,,,,,,,,,,,,,,,,,,,,,,,,
1093,Quercus,16,1.079889807,0.027118439,3.827270404,0.433592641,,,,,,,,,,,,,,,,,,,,,,,,,,,,,,,
1024,Quercus,16,1.004048583,0.025775705,2.94879626,0.458060708,,,,,,,,,,,,,,,,,,,,,,,,,,,,,,,
262,Quercus,15,1.123342175,0.02508523,3.677773427,0.462160819,,,,,,,,,,,,,,,,,,,,,,,,,,,,,,,
802,Quercus,13,1.110638298,0.034289968,4.28054653,0.391923566,,,,,,,,,,,,,,,,,,,,,,,,,,,,,,,
1113,Quercus,3,4.618090452,0.014659566,1.391259034,0.976714276,,,,,,,,,,,,,,,,,,,,,,,,,,,,,,,
1144,Quercus,2,4.519607843,0.014793192,1.429815959,0.974221702,,,,,,,,,,,,,,,,,,,,,,,,,,,,,,,
1475,Quercus,1,4.681818182,0.014650599,1.391132333,0.979736435,,,,,,,,,,,,,,,,,,,,,,,,,,,,,,,
1572,Quercus,2,4.464788732,0.0149497,1.535626834,0.966483516,,,,,,,,,,,,,,,,,,,,,,,,,,,,,,,
1098,Quercus,2,4.018604651,0.01420228,1.410810441,0.978259807,,,,,,,,,,,,,,,,,,,,,,,,,,,,,,,
1268,Quercus,3,4.210280374,0.014424537,1.463817188,0,,,,,,,,,,,,,,,,,,,,,,,,,,,,,,,
1469,Quercus,4,4.092165899,0.014156819,1.463499104,0.979399833,,,,,,,,,,,,,,,,,,,,,,,,,,,,,,,
796,Quercus,2,4.268518519,0.014592788,1.508921604,1,,,,,,,,,,,,,,,,,,,,,,,,,,,,,,,
132,Quercus,2,4.213953488,0.01436548,1.479773616,0.98305104,,,,,,,,,,,,,,,,,,,,,,,,,,,,,,,
127,Quercus,2,4.185714286,0.014042728,1.400403605,1,,,,,,,,,,,,,,,,,,,,,,,,,,,,,,,
1326,Quercus,4,2.630057803,0.019443124,1.386291189,0.979288082,,,,,,,,,,,,,,,,,,,,,,,,,,,,,,,
1491,Quercus,3,2.521327014,0.01666004,1.439663465,0.976940212,,,,,,,,,,,,,,,,,,,,,,,,,,,,,,,
545,Quercus,6,2.481675393,0.019375175,1.494132986,0.971388706,,,,,,,,,,,,,,,,,,,,,,,,,,,,,,,
43,Quercus,1,2.521327014,0.01801461,1.464283851,0.973458602,,,,,,,,,,,,,,,,,,,,,,,,,,,,,,,
1494,Quercus,3,2.194570136,0.016801006,1.37571876,0.980881998,,,,,,,,,,,,,,,,,,,,,,,,,,,,,,,
975,Quercus,5,2.390243902,0.016993152,1.409547598,0.979785209,,,,,,,,,,,,,,,,,,,,,,,,,,,,,,,
911,Quercus,3,2.376106195,0.016928701,1.449894868,0.975781991,,,,,,,,,,,,,,,,,,,,,,,,,,,,,,,
875,Quercus,4,2.218009479,0.018236812,1.464104617,0.978527517,,,,,,,,,,,,,,,,,,,,,,,,,,,,,,,
40,Quercus,4,2.328571429,0.017289638,1.375269523,0.977774101,,,,,,,,,,,,,,,,,,,,,,,,,,,,,,,
543,Quercus,3,2.572916667,0.018779767,1.429553265,0.971881599,,,,,,,,,,,,,,,,,,,,,,,,,,,,,,,
451,Quercus,8,2.101910828,0.012427607,1.577156947,0.954837883,,,,,,,,,,,,,,,,,,,,,,,,,,,,,,,
20,Quercus,31,2.258169935,0.015346027,1.607159959,1,,,,,,,,,,,,,,,,,,,,,,,,,,,,,,,
860,Quercus,27,1.958944282,0.015121596,1.730044203,0.921364692,,,,,,,,,,,,,,,,,,,,,,,,,,,,,,,
247,Quercus,29,1.877192982,0.014433272,1.668787195,0.941290153,,,,,,,,,,,,,,,,,,,,,,,,,,,,,,,
657,Quercus,43,1.742937853,0.014784916,1.660304212,0.920090149,,,,,,,,,,,,,,,,,,,,,,,,,,,,,,,
1090,Quercus,32,2.029761905,0.015696072,1.740099781,1,,,,,,,,,,,,,,,,,,,,,,,,,,,,,,,
726,Quercus,28,1.774566474,0.015240703,1.615666591,0.926162714,,,,,,,,,,,,,,,,,,,,,,,,,,,,,,,
433,Quercus,21,1.744985673,0.014418767,1.614636036,0.918274033,,,,,,,,,,,,,,,,,,,,,,,,,,,,,,,
862,Quercus,35,1.870317003,0.015233247,1.711008965,0,,,,,,,,,,,,,,,,,,,,,,,,,,,,,,,
1231,Quercus,30,1.956790123,0.01375038,1.56138644,0.941262981,,,,,,,,,,,,,,,,,,,,,,,,,,,,,,,
1299,Quercus,8,1.935064935,0.025922847,1.716943798,0.808811583,,,,,,,,,,,,,,,,,,,,,,,,,,,,,,,
521,Quercus,11,1.797202797,0.02535722,1.753345579,0.780053517,,,,,,,,,,,,,,,,,,,,,,,,,,,,,,,
1276,Quercus,10,1.580952381,0.027256696,2.004574729,0.742066396,,,,,,,,,,,,,,,,,,,,,,,,,,,,,,,
29,Quercus,19,1.65993266,0.026696191,1.821473888,0.791139082,,,,,,,,,,,,,,,,,,,,,,,,,,,,,,,
885,Quercus,4,1.65483871,0.019997496,1.658947237,0.830618379,,,,,,,,,,,,,,,,,,,,,,,,,,,,,,,
245,Quercus,10,1.525157233,0.023505359,1.958525931,0.782746429,,,,,,,,,,,,,,,,,,,,,,,,,,,,,,,
1305,Quercus,9,1.54248366,0.024510132,1.934452138,0.812455865,,,,,,,,,,,,,,,,,,,,,,,,,,,,,,,
303,Quercus,12,1.473214286,0.021228148,1.721436186,0.81073114,,,,,,,,,,,,,,,,,,,,,,,,,,,,,,,
1563,Quercus,12,1.565517241,0.029046332,1.98765078,0.760869692,,,,,,,,,,,,,,,,,,,,,,,,,,,,,,,
808,Quercus,13,1.602996255,0.024332372,1.772215502,0.831302461,,,,,,,,,,,,,,,,,,,,,,,,,,,,,,,
1089,Quercus,6,1.492366412,0.016766584,2.106841342,0.753519626,,,,,,,,,,,,,,,,,,,,,,,,,,,,,,,
194,Quercus,4,1.992217899,0.016881596,2.040742263,0.75177884,,,,,,,,,,,,,,,,,,,,,,,,,,,,,,,
72,Quercus,4,1.438253012,0.017936987,2.531538437,0.655908674,,,,,,,,,,,,,,,,,,,,,,,,,,,,,,,
460,Quercus,5,1.709323583,0.017052498,2.141801233,0.732465397,,,,,,,,,,,,,,,,,,,,,,,,,,,,,,,
916,Quercus,4,1.515711645,0.01803536,2.28334663,0.669658599,,,,,,,,,,,,,,,,,,,,,,,,,,,,,,,
298,Quercus,1,1.855072464,0.016371965,2.18075173,0.706882732,,,,,,,,,,,,,,,,,,,,,,,,,,,,,,,
912,Quercus,6,1.734939759,0.016112664,2.153434329,0.729328556,,,,,,,,,,,,,,,,,,,,,,,,,,,,,,,
1523,Quercus,4,1.63326226,0.015840338,1.916062209,0.773672916,,,,,,,,,,,,,,,,,,,,,,,,,,,,,,,
333,Quercus,4,1.857414449,0.018868014,2.443626577,0.632764582,,,,,,,,,,,,,,,,,,,,,,,,,,,,,,,
1170,Quercus,3,1.557844691,0.017811189,2.467128055,0.65495852,,,,,,,,,,,,,,,,,,,,,,,,,,,,,,,
1163,Quercus,3,2.901060071,0.012489495,1.587443548,0.963688782,,,,,,,,,,,,,,,,,,,,,,,,,,,,,,,
876,Quercus,4,3.522900763,0.012228551,1.476376246,0.982495687,,,,,,,,,,,,,,,,,,,,,,,,,,,,,,,
481,Quercus,5,3.701807229,0.009771545,1.495522902,0.975340052,,,,,,,,,,,,,,,,,,,,,,,,,,,,,,,
1552,Quercus,5,2.910769231,0.010435945,1.4895689,0.971482507,,,,,,,,,,,,,,,,,,,,,,,,,,,,,,,
1337,Quercus,3,2.785529716,0.009223075,1.578235359,0.955701241,,,,,,,,,,,,,,,,,,,,,,,,,,,,,,,
1120,Quercus,2,3.30994152,0.009358774,1.433792322,0.978142982,,,,,,,,,,,,,,,,,,,,,,,,,,,,,,,
1323,Quercus,4,3.512280702,0.011266487,1.490797642,0.976366265,,,,,,,,,,,,,,,,,,,,,,,,,,,,,,,
1399,Quercus,3,3.074626866,0.010085474,1.51633671,0.978749873,,,,,,,,,,,,,,,,,,,,,,,,,,,,,,,
375,Quercus,7,3.05862069,0.010837933,1.358597195,0.970259235,,,,,,,,,,,,,,,,,,,,,,,,,,,,,,,
1403,Quercus,6,3.488888889,0.010652229,1.521304459,0.978356917,,,,,,,,,,,,,,,,,,,,,,,,,,,,,,,
383,Quercus,12,1.4578125,0.018432864,2.403719582,0.579116429,,,,,,,,,,,,,,,,,,,,,,,,,,,,,,,
593,Quercus,17,1.302660754,0.013374713,2.112546916,0.658945123,,,,,,,,,,,,,,,,,,,,,,,,,,,,,,,
420,Quercus,6,1.442508711,0.02188654,2.790252036,0.545257368,,,,,,,,,,,,,,,,,,,,,,,,,,,,,,,
1582,Quercus,13,1.435768262,0.015555385,2.477148581,0.588023537,,,,,,,,,,,,,,,,,,,,,,,,,,,,,,,
978,Quercus,17,1.375766871,0.017398216,2.245694604,0.787234043,,,,,,,,,,,,,,,,,,,,,,,,,,,,,,,
11,Quercus,9,1.233748271,0.019476077,2.595130981,0.590669156,,,,,,,,,,,,,,,,,,,,,,,,,,,,,,,
1432,Quercus,6,1.330548926,0.01964996,3.004472769,0.483749418,,,,,,,,,,,,,,,,,,,,,,,,,,,,,,,
1128,Quercus,10,1.282738095,0.01873946,2.424094308,1,,,,,,,,,,,,,,,,,,,,,,,,,,,,,,,
389,Quercus,18,1.391167192,0.01340827,2.441731567,0.590678598,,,,,,,,,,,,,,,,,,,,,,,,,,,,,,,
356,Quercus,7,1.224178404,0.014766252,2.359615722,0.635862313,,,,,,,,,,,,,,,,,,,,,,,,,,,,,,,
547,Quercus,6,1.211488251,0.011667403,1.353418732,1,,,,,,,,,,,,,,,,,,,,,,,,,,,,,,,
482,Quercus,6,1.116161616,0.011621358,1.332095345,1,,,,,,,,,,,,,,,,,,,,,,,,,,,,,,,
603,Quercus,11,1.255319149,0.011951888,1.351035323,0.939960382,,,,,,,,,,,,,,,,,,,,,,,,,,,,,,,
171,Quercus,15,1.224806202,0.012448038,1.396601343,0,,,,,,,,,,,,,,,,,,,,,,,,,,,,,,,
1222,Quercus,10,1.252688172,0.011278138,1.320113314,0.950066282,,,,,,,,,,,,,,,,,,,,,,,,,,,,,,,
1359,Quercus,14,1.233933162,0.012914947,1.419351896,1,,,,,,,,,,,,,,,,,,,,,,,,,,,,,,,
108,Quercus,13,1.383152174,0.012899258,1.422122342,1,,,,,,,,,,,,,,,,,,,,,,,,,,,,,,,
951,Quercus,6,1.212276215,0.012358276,1.411219152,0.909146044,,,,,,,,,,,,,,,,,,,,,,,,,,,,,,,
1402,Quercus,12,1.335978836,0.013974695,1.450587028,1,,,,,,,,,,,,,,,,,,,,,,,,,,,,,,,
1010,Quercus,14,1.288359788,0.012246824,1.401161507,1,,,,,,,,,,,,,,,,,,,,,,,,,,,,,,,
446,Quercus,9,1.176591376,0.017403968,2.982708264,0.517034954,,,,,,,,,,,,,,,,,,,,,,,,,,,,,,,
355,Quercus,9,1.196883853,0.019900015,2.895549192,0.538362062,,,,,,,,,,,,,,,,,,,,,,,,,,,,,,,
900,Quercus,13,1.442724458,0.023234436,2.928365759,0.509524177,,,,,,,,,,,,,,,,,,,,,,,,,,,,,,,
1423,Quercus,18,1.235294118,0.025538907,2.873419484,0.541641733,,,,,,,,,,,,,,,,,,,,,,,,,,,,,,,
1531,Quercus,18,1.167750325,0.017886572,2.690434911,0.584815917,,,,,,,,,,,,,,,,,,,,,,,,,,,,,,,
563,Quercus,19,1.144670051,0.022278281,3.151217436,0.50784254,,,,,,,,,,,,,,,,,,,,,,,,,,,,,,,
377,Quercus,9,1.135989011,0.026080518,3.053068759,0.497635191,,,,,,,,,,,,,,,,,,,,,,,,,,,,,,,
1379,Quercus,15,1.228929385,0.01610221,2.939233547,0.568612147,,,,,,,,,,,,,,,,,,,,,,,,,,,,,,,
1476,Quercus,9,1.282051282,0.016690977,2.993531981,0.569795033,,,,,,,,,,,,,,,,,,,,,,,,,,,,,,,
468,Quercus,15,1.321027287,0.020834672,2.535012039,0.58224064,,,,,,,,,,,,,,,,,,,,,,,,,,,,,,,
321,Quercus,3,2.194444444,0.02629577,1.50511031,0.925875822,,,,,,,,,,,,,,,,,,,,,,,,,,,,,,,
92,Quercus,2,2.166666667,0.023854545,1.533905455,0.95123662,,,,,,,,,,,,,,,,,,,,,,,,,,,,,,,
83,Quercus,4,2.122137405,0.02838569,1.470483728,0.962557024,,,,,,,,,,,,,,,,,,,,,,,,,,,,,,,
1065,Quercus,3,2.198757764,0.022883057,1.485417916,0.961371049,,,,,,,,,,,,,,,,,,,,,,,,,,,,,,,
813,Quercus,2,1.96,0.022594922,1.553562647,0.961058758,,,,,,,,,,,,,,,,,,,,,,,,,,,,,,,
1278,Quercus,3,1.993464052,0.023513226,1.459101995,0.974117283,,,,,,,,,,,,,,,,,,,,,,,,,,,,,,,
1569,Quercus,1,1.928571429,0.022653023,1.46966547,0.943748468,,,,,,,,,,,,,,,,,,,,,,,,,,,,,,,
1549,Quercus,1,2.02919708,0.028210661,1.521857268,0.945472343,,,,,,,,,,,,,,,,,,,,,,,,,,,,,,,
246,Quercus,2,2.070921986,0.030259777,1.67905061,0.90224452,,,,,,,,,,,,,,,,,,,,,,,,,,,,,,,
822,Quercus,2,2.030612245,0.019511816,1.516013682,0.929442811,,,,,,,,,,,,,,,,,,,,,,,,,,,,,,,
858,Quercus,12,1.5,0.018060356,2.746983203,0.559147812,,,,,,,,,,,,,,,,,,,,,,,,,,,,,,,
936,Quercus,8,1.378723404,0.017435211,2.779170215,0.546952463,,,,,,,,,,,,,,,,,,,,,,,,,,,,,,,
1500,Quercus,7,1.556904401,0.015543052,2.634541501,0.904761905,,,,,,,,,,,,,,,,,,,,,,,,,,,,,,,
680,Quercus,7,1.336194564,0.017126754,2.848057863,0.562118205,,,,,,,,,,,,,,,,,,,,,,,,,,,,,,,
823,Quercus,10,1.523381295,0.019081842,3.016532472,0.596307417,,,,,,,,,,,,,,,,,,,,,,,,,,,,,,,
1555,Quercus,10,1.308056872,0.019946633,3.135725653,1,,,,,,,,,,,,,,,,,,,,,,,,,,,,,,,
109,Quercus,10,1.433717579,0.016507167,2.788330305,0.564050772,,,,,,,,,,,,,,,,,,,,,,,,,,,,,,,
438,Quercus,12,1.498498499,0.016523741,2.761579498,0.56066819,,,,,,,,,,,,,,,,,,,,,,,,,,,,,,,
1341,Quercus,10,1.557659208,0.017094143,2.576149531,0.582600366,,,,,,,,,,,,,,,,,,,,,,,,,,,,,,,
870,Quercus,12,1.5856,0.017181885,2.952019408,0.564558872,,,,,,,,,,,,,,,,,,,,,,,,,,,,,,,
319,Quercus,17,1.76300578,0.013377061,1.606008264,0,,,,,,,,,,,,,,,,,,,,,,,,,,,,,,,
919,Quercus,18,2.219269103,0.013453017,1.530826976,1,,,,,,,,,,,,,,,,,,,,,,,,,,,,,,,
84,Quercus,17,2.183333333,0.013343369,1.494001186,1,,,,,,,,,,,,,,,,,,,,,,,,,,,,,,,
31,Quercus,18,1.984520124,0.013366243,1.572378963,1,,,,,,,,,,,,,,,,,,,,,,,,,,,,,,,
1156,Quercus,16,1.873529412,0.01382492,1.648789178,1,,,,,,,,,,,,,,,,,,,,,,,,,,,,,,,
491,Quercus,11,1.93125,0.012938523,1.506903594,1,,,,,,,,,,,,,,,,,,,,,,,,,,,,,,,
784,Quercus,20,1.930091185,0.013645832,1.588199967,1,,,,,,,,,,,,,,,,,,,,,,,,,,,,,,,
1016,Quercus,23,2.021538462,0.014112536,1.62184025,1,,,,,,,,,,,,,,,,,,,,,,,,,,,,,,,
444,Quercus,15,1.953560372,0.013324714,1.550085561,1,,,,,,,,,,,,,,,,,,,,,,,,,,,,,,,
259,Quercus,22,2.235690236,0.013957868,1.497607874,0,,,,,,,,,,,,,,,,,,,,,,,,,,,,,,,
32,Quercus,21,2.992217899,0.014137871,1.500596038,0,,,,,,,,,,,,,,,,,,,,,,,,,,,,,,,
120,Quercus,28,2.304635762,0.013609634,1.599014081,0,,,,,,,,,,,,,,,,,,,,,,,,,,,,,,,
190,Quercus,17,2.732600733,0.013560868,1.548082551,0,,,,,,,,,,,,,,,,,,,,,,,,,,,,,,,
866,Quercus,22,2.790613718,0.014384061,1.627009817,0,,,,,,,,,,,,,,,,,,,,,,,,,,,,,,,
64,Quercus,19,2.864150943,0.013599744,1.531570291,0.937509894,,,,,,,,,,,,,,,,,,,,,,,,,,,,,,,
278,Quercus,25,2.769516729,0.014060021,1.521435458,0,,,,,,,,,,,,,,,,,,,,,,,,,,,,,,,
327,Quercus,21,2.37037037,0.013355542,1.590252584,0,,,,,,,,,,,,,,,,,,,,,,,,,,,,,,,
961,Quercus,22,2.641577061,0.013762829,1.564374891,0,,,,,,,,,,,,,,,,,,,,,,,,,,,,,,,
692,Quercus,24,2.542253521,0.014394181,1.559988436,0,,,,,,,,,,,,,,,,,,,,,,,,,,,,,,,
6,Quercus,28,2.467576792,0.014142506,1.61245119,0,,,,,,,,,,,,,,,,,,,,,,,,,,,,,,,
323,Quercus,6,1.426724138,0.0205517,1.891766387,0.807929826,,,,,,,,,,,,,,,,,,,,,,,,,,,,,,,
1187,Quercus,15,1.778975741,0.022577013,1.767329734,0.840302442,,,,,,,,,,,,,,,,,,,,,,,,,,,,,,,
1557,Quercus,12,1.594117647,0.023651025,1.775320084,0.855112521,,,,,,,,,,,,,,,,,,,,,,,,,,,,,,,
995,Quercus,12,1.757925072,0.025618739,1.821537985,0.804094224,,,,,,,,,,,,,,,,,,,,,,,,,,,,,,,
1210,Quercus,15,1.720930233,0.01751044,1.74726124,0.835683774,,,,,,,,,,,,,,,,,,,,,,,,,,,,,,,
1541,Quercus,12,1.630541872,0.019835828,1.798082648,0.834056772,,,,,,,,,,,,,,,,,,,,,,,,,,,,,,,
776,Quercus,11,1.623036649,0.021243512,1.779106541,0.848932353,,,,,,,,,,,,,,,,,,,,,,,,,,,,,,,
695,Quercus,10,1.819526627,0.026018839,1.811298066,0.826754049,,,,,,,,,,,,,,,,,,,,,,,,,,,,,,,
1441,Quercus,13,1.822222222,0.022284966,1.787641836,0.828765787,,,,,,,,,,,,,,,,,,,,,,,,,,,,,,,
850,Quercus,12,1.626373626,0.022188896,1.785452105,0.834068436,,,,,,,,,,,,,,,,,,,,,,,,,,,,,,,
1375,Quercus,15,2.630331754,0.021334769,1.658969528,0.842265648,,,,,,,,,,,,,,,,,,,,,,,,,,,,,,,
514,Quercus,12,2.708520179,0.019023348,1.733621644,0.887113908,,,,,,,,,,,,,,,,,,,,,,,,,,,,,,,
524,Quercus,14,2.485530547,0.014089863,1.603809333,0.869472237,,,,,,,,,,,,,,,,,,,,,,,,,,,,,,,
828,Quercus,13,2.406779661,0.017725642,1.58194864,0.887824296,,,,,,,,,,,,,,,,,,,,,,,,,,,,,,,
1568,Quercus,16,2.823333333,0.013675741,1.538293892,0.91790771,,,,,,,,,,,,,,,,,,,,,,,,,,,,,,,
1548,Quercus,11,2.806603774,0.019165855,1.594710426,0.876002219,,,,,,,,,,,,,,,,,,,,,,,,,,,,,,,
350,Quercus,12,2.62962963,0.021360531,1.506350428,0.882151988,,,,,,,,,,,,,,,,,,,,,,,,,,,,,,,
1515,Quercus,6,2.292887029,0.016902215,1.563359435,0.923456268,,,,,,,,,,,,,,,,,,,,,,,,,,,,,,,
631,Quercus,15,2.579646018,0.017131741,1.498833995,0.906464029,,,,,,,,,,,,,,,,,,,,,,,,,,,,,,,
345,Quercus,13,2.566666667,0.019833076,1.645825457,0.897329091,,,,,,,,,,,,,,,,,,,,,,,,,,,,,,,
1148,Quercus,2,2.266881029,0.012842056,1.667072179,0.943527779,,,,,,,,,,,,,,,,,,,,,,,,,,,,,,,
1492,Quercus,11,2.436482085,0.015535295,1.746188416,0.882730453,,,,,,,,,,,,,,,,,,,,,,,,,,,,,,,
1317,Quercus,1,2.597972973,0.0138929,1.729954856,0.914333563,,,,,,,,,,,,,,,,,,,,,,,,,,,,,,,
917,Quercus,3,2.321311475,0.013237879,1.642866381,0.936731492,,,,,,,,,,,,,,,,,,,,,,,,,,,,,,,
280,Quercus,8,2.174311927,0.01415141,1.769854984,0.912670945,,,,,,,,,,,,,,,,,,,,,,,,,,,,,,,
225,Quercus,7,2.786713287,0.015792712,1.731516298,0.906964211,,,,,,,,,,,,,,,,,,,,,,,,,,,,,,,
1356,Quercus,12,2.592334495,0.014917766,1.624355288,0.910381231,,,,,,,,,,,,,,,,,,,,,,,,,,,,,,,
934,Quercus,9,2.571428571,0.014568459,1.610483816,0.9139872,,,,,,,,,,,,,,,,,,,,,,,,,,,,,,,
306,Quercus,3,2.784946237,0.013370182,1.645898976,0.93699593,,,,,,,,,,,,,,,,,,,,,,,,,,,,,,,
379,Quercus,2,3.028880866,0.014090937,1.768237568,0.914585366,,,,,,,,,,,,,,,,,,,,,,,,,,,,,,,
907,Rhododendron,3,3.640625,0.015590526,1.403335599,0.983992904,,,,,,,,,,,,,,,,,,,,,,,,,,,,,,,
927,Rhododendron,3,3.628712871,0.015808209,1.518921636,0.976917862,,,,,,,,,,,,,,,,,,,,,,,,,,,,,,,
54,Rhododendron,3,3.368421053,0.016686099,1.618408606,0.971193973,,,,,,,,,,,,,,,,,,,,,,,,,,,,,,,
778,Rhododendron,3,3.572769953,0.015534563,1.520557969,0.961610048,,,,,,,,,,,,,,,,,,,,,,,,,,,,,,,
700,Rhododendron,2,3.398907104,0.018096686,1.53150438,0.973019476,,,,,,,,,,,,,,,,,,,,,,,,,,,,,,,
710,Rhododendron,3,3.156424581,0.018291173,1.472832656,0.974841143,,,,,,,,,,,,,,,,,,,,,,,,,,,,,,,
1352,Rhododendron,3,2.974576271,0.014664331,1.560352622,0.978116559,,,,,,,,,,,,,,,,,,,,,,,,,,,,,,,
103,Rhododendron,3,3.377358491,0.014740299,1.432432432,0.977226848,,,,,,,,,,,,,,,,,,,,,,,,,,,,,,,
1561,Rhododendron,2,3.140077821,0.013026758,1.522105124,0.981593124,,,,,,,,,,,,,,,,,,,,,,,,,,,,,,,
1046,Rhododendron,3,2.925925926,0.013429054,1.459231419,0.981288035,,,,,,,,,,,,,,,,,,,,,,,,,,,,,,,
1543,Salix,18,4.041666667,0.019387445,2.140811674,0.861036847,,,,,,,,,,,,,,,,,,,,,,,,,,,,,,,
704,Salix,3,3.96031746,0.01695147,1.910047847,0.936063732,,,,,,,,,,,,,,,,,,,,,,,,,,,,,,,
620,Salix,41,5.102325581,0.01943142,1.792333822,0.883024697,,,,,,,,,,,,,,,,,,,,,,,,,,,,,,,
15,Salix,8,4.995169082,0.017474428,1.629003288,0.922018202,,,,,,,,,,,,,,,,,,,,,,,,,,,,,,,
1472,Salix,42,4.978165939,0.019224204,1.980533028,1,,,,,,,,,,,,,,,,,,,,,,,,,,,,,,,
1025,Salix,10,5.033333333,0.018294303,1.684973621,1,,,,,,,,,,,,,,,,,,,,,,,,,,,,,,,
1073,Salix,19,4.46460177,0.017098824,1.732939174,1,,,,,,,,,,,,,,,,,,,,,,,,,,,,,,,
1077,Salix,21,5.696969697,0.019652801,1.701292667,0.851566577,,,,,,,,,,,,,,,,,,,,,,,,,,,,,,,
847,Salix,12,4.616033755,0.019155109,1.969269797,0.847091905,,,,,,,,,,,,,,,,,,,,,,,,,,,,,,,
976,Salix,2,4.458333333,0.018230118,1.954694921,0.894315852,,,,,,,,,,,,,,,,,,,,,,,,,,,,,,,
681,Salix,5,3.116959064,0.018753929,1.397620106,0.972482806,,,,,,,,,,,,,,,,,,,,,,,,,,,,,,,
522,Salix,2,2.938888889,0.017140039,1.304615891,0.965924886,,,,,,,,,,,,,,,,,,,,,,,,,,,,,,,
669,Salix,2,2.383928571,0.015598825,1.452038166,0.968804334,,,,,,,,,,,,,,,,,,,,,,,,,,,,,,,
1201,Salix,7,2.634703196,0.01461924,1.322355822,0.970711319,,,,,,,,,,,,,,,,,,,,,,,,,,,,,,,
1042,Salix,3,3.153005464,0.015923797,1.269946841,0.975966977,,,,,,,,,,,,,,,,,,,,,,,,,,,,,,,
1221,Salix,2,3,0.019663583,1.338916149,0.970449393,,,,,,,,,,,,,,,,,,,,,,,,,,,,,,,
1509,Salix,3,3.065217391,0.017248842,1.3612288,0.951223202,,,,,,,,,,,,,,,,,,,,,,,,,,,,,,,
1532,Salix,4,2.845771144,0.015834922,1.352579939,0.969327201,,,,,,,,,,,,,,,,,,,,,,,,,,,,,,,
1121,Salix,2,3.145833333,0.016359031,1.359945587,0.969201194,,,,,,,,,,,,,,,,,,,,,,,,,,,,,,,
1442,Salix,3,3.06626506,0.01718977,1.22775356,0.982581287,,,,,,,,,,,,,,,,,,,,,,,,,,,,,,,
798,Sorbus,35,1.410666667,0.012789963,1.51024339,0.939833853,,,,,,,,,,,,,,,,,,,,,,,,,,,,,,,
1269,Sorbus,39,1.386058981,0.012916321,1.466036689,0.947195258,,,,,,,,,,,,,,,,,,,,,,,,,,,,,,,
741,Sorbus,39,1.595375723,0.012407476,1.452929945,0.963612606,,,,,,,,,,,,,,,,,,,,,,,,,,,,,,,
867,Sorbus,35,1.706231454,0.012666014,1.471436924,0.958120325,,,,,,,,,,,,,,,,,,,,,,,,,,,,,,,
1395,Sorbus,26,1.622478386,0.012537422,1.484438399,0.959853988,,,,,,,,,,,,,,,,,,,,,,,,,,,,,,,
1160,Sorbus,35,1.505524862,0.012294458,1.501903167,0.953653765,,,,,,,,,,,,,,,,,,,,,,,,,,,,,,,
1200,Sorbus,35,1.767371601,0.013198055,1.473820814,0.944026906,,,,,,,,,,,,,,,,,,,,,,,,,,,,,,,
714,Sorbus,46,1.315508021,0.012150179,1.398205208,1,,,,,,,,,,,,,,,,,,,,,,,,,,,,,,,
1176,Sorbus,39,1.566572238,0.012389004,1.482798958,0.956993185,,,,,,,,,,,,,,,,,,,,,,,,,,,,,,,
676,Sorbus,56,1.338709677,0.012457548,1.410657448,0.960763935,,,,,,,,,,,,,,,,,,,,,,,,,,,,,,,
409,Tilia,39,1.072507553,0.008363788,1.578774117,0.941768294,,,,,,,,,,,,,,,,,,,,,,,,,,,,,,,
959,Tilia,51,1.041528239,0.010041299,1.528277593,0.926564371,,,,,,,,,,,,,,,,,,,,,,,,,,,,,,,
1062,Tilia,46,1.017421603,0.010247477,1.524686276,0.922888351,,,,,,,,,,,,,,,,,,,,,,,,,,,,,,,
418,Tilia,64,1.108262108,0.008280687,1.590765709,0.919094604,,,,,,,,,,,,,,,,,,,,,,,,,,,,,,,
1174,Tilia,48,1.084592145,0.008372142,1.55994237,0.928434394,,,,,,,,,,,,,,,,,,,,,,,,,,,,,,,
386,Tilia,44,1.046251994,0.009200345,1.570864428,0.906797955,,,,,,,,,,,,,,,,,,,,,,,,,,,,,,,
1482,Tilia,50,1.097039474,0.009372478,1.558375283,0.918914409,,,,,,,,,,,,,,,,,,,,,,,,,,,,,,,
685,Tilia,43,1.043604651,0.008517982,1.614638117,0.930275546,,,,,,,,,,,,,,,,,,,,,,,,,,,,,,,
1524,Tilia,55,1.052969502,0.009877787,1.596256674,0.918197868,,,,,,,,,,,,,,,,,,,,,,,,,,,,,,,
107,Tilia,40,1.124100719,0.010435433,1.565089717,0.900819496,,,,,,,,,,,,,,,,,,,,,,,,,,,,,,,
1152,Tilia,48,1.242,0.010612282,1.552833859,0.936043378,,,,,,,,,,,,,,,,,,,,,,,,,,,,,,,
1040,Tilia,48,1.193181818,0.00827234,1.472821314,0.942368679,,,,,,,,,,,,,,,,,,,,,,,,,,,,,,,
183,Tilia,37,1.301652893,0.01058556,1.597895465,0.926914992,,,,,,,,,,,,,,,,,,,,,,,,,,,,,,,
239,Tilia,60,1.238779174,0.009359938,1.559299891,0.935643242,,,,,,,,,,,,,,,,,,,,,,,,,,,,,,,
637,Tilia,25,1.375757576,0.009417748,1.470438128,0.941663612,,,,,,,,,,,,,,,,,,,,,,,,,,,,,,,
1249,Tilia,45,1.251282051,0.008914628,1.499380248,0.928174768,,,,,,,,,,,,,,,,,,,,,,,,,,,,,,,
1030,Tilia,54,1.197265625,0.010854352,1.58010371,0.932607526,,,,,,,,,,,,,,,,,,,,,,,,,,,,,,,
466,Tilia,50,1.193984962,0.007846177,1.499406496,0.94082295,,,,,,,,,,,,,,,,,,,,,,,,,,,,,,,
598,Tilia,57,1.153424658,0.007208639,1.445160502,0.943368866,,,,,,,,,,,,,,,,,,,,,,,,,,,,,,,
416,Tilia,62,1.286004057,0.010733523,1.534717005,0.928219862,,,,,,,,,,,,,,,,,,,,,,,,,,,,,,,
1335,Tilia,36,1.278061224,0.012832208,1.492975734,0.920087832,,,,,,,,,,,,,,,,,,,,,,,,,,,,,,,
942,Tilia,38,1.22556391,0.012707997,1.483824111,0.919879025,,,,,,,,,,,,,,,,,,,,,,,,,,,,,,,
50,Tilia,51,1.146401985,0.013234109,1.415281937,0.927224208,,,,,,,,,,,,,,,,,,,,,,,,,,,,,,,
1544,Tilia,50,1.117359413,0.013837673,1.42112146,1,,,,,,,,,,,,,,,,,,,,,,,,,,,,,,,
1059,Tilia,36,1.251308901,0.012566943,1.389027507,0.938005701,,,,,,,,,,,,,,,,,,,,,,,,,,,,,,,
5,Tilia,49,1.0968523,0.013688536,1.421184567,0.918147152,,,,,,,,,,,,,,,,,,,,,,,,,,,,,,,
459,Tilia,37,1.161616162,0.01347672,1.385394643,0.929197868,,,,,,,,,,,,,,,,,,,,,,,,,,,,,,,
211,Tilia,41,1.189189189,0.013116223,1.49608488,0.923546838,,,,,,,,,,,,,,,,,,,,,,,,,,,,,,,
1301,Tilia,27,1.336814621,0.012433947,1.493109172,0.93945335,,,,,,,,,,,,,,,,,,,,,,,,,,,,,,,
649,Tilia,42,1.092009685,0.013434504,1.416157899,0.92599873,,,,,,,,,,,,,,,,,,,,,,,,,,,,,,,
756,Ulmus,67,1.94973545,0.012691654,1.532603852,0.927849709,,,,,,,,,,,,,,,,,,,,,,,,,,,,,,,
1135,Ulmus,77,2.070247934,0.010019438,1.517996488,0.932351732,,,,,,,,,,,,,,,,,,,,,,,,,,,,,,,
436,Ulmus,77,1.924406048,0.010874497,1.613701084,0.923312398,,,,,,,,,,,,,,,,,,,,,,,,,,,,,,,
1308,Ulmus,70,2.272093023,0.011261226,1.643262822,0.924585658,,,,,,,,,,,,,,,,,,,,,,,,,,,,,,,
1448,Ulmus,59,2.1575,0.012072752,1.651808999,0.928981724,,,,,,,,,,,,,,,,,,,,,,,,,,,,,,,
1238,Ulmus,63,2.056561086,0.010761505,1.583786,0.931492219,,,,,,,,,,,,,,,,,,,,,,,,,,,,,,,
1381,Ulmus,64,1.904428904,0.011327815,1.564966378,0.921478223,,,,,,,,,,,,,,,,,,,,,,,,,,,,,,,
855,Ulmus,64,2.383597884,0.012637948,1.648489835,0.917136213,,,,,,,,,,,,,,,,,,,,,,,,,,,,,,,
636,Ulmus,66,2.151724138,0.01159268,1.671414849,0.914913728,,,,,,,,,,,,,,,,,,,,,,,,,,,,,,,
793,Ulmus,81,2.016359918,0.010047209,1.561167199,0.927804364,,,,,,,,,,,,,,,,,,,,,,,,,,,,,,,
528,Viburnum,3,2.1171875,0.01418455,1.491011079,0.976437244,,,,,,,,,,,,,,,,,,,,,,,,,,,,,,,
928,Viburnum,3,2.074829932,0.012609004,1.496557767,0.952826583,,,,,,,,,,,,,,,,,,,,,,,,,,,,,,,
838,Viburnum,3,2.310469314,0.012964526,1.527143669,0.971764041,,,,,,,,,,,,,,,,,,,,,,,,,,,,,,,
787,Viburnum,1,2.019230769,0.011824981,1.470157068,0.965066391,,,,,,,,,,,,,,,,,,,,,,,,,,,,,,,
1211,Viburnum,2,2.024390244,0.011079347,1.461534332,0.977000156,,,,,,,,,,,,,,,,,,,,,,,,,,,,,,,
869,Viburnum,2,2.295275591,0.014393247,1.554617702,0.9695926,,,,,,,,,,,,,,,,,,,,,,,,,,,,,,,
1218,Viburnum,2,2.24537037,0.016876255,1.491946395,0.968524334,,,,,,,,,,,,,,,,,,,,,,,,,,,,,,,
671,Viburnum,4,2.117408907,0.014821641,1.43421301,0.959570456,,,,,,,,,,,,,,,,,,,,,,,,,,,,,,,
291,Viburnum,2,2.197014925,0.010892426,1.52074557,0.978237578,,,,,,,,,,,,,,,,,,,,,,,,,,,,,,,
1240,Viburnum,2,2.234693878,0.012795433,1.548584164,0.963149242,,,,,,,,,,,,,,,,,,,,,,,,,,,,,,,
1444,Viburnum,9,1.922829582,0.011996194,1.415627022,0.975196852,,,,,,,,,,,,,,,,,,,,,,,,,,,,,,,
1226,Viburnum,4,1.924836601,0.011437474,1.369715393,0.97941929,,,,,,,,,,,,,,,,,,,,,,,,,,,,,,,
152,Viburnum,3,1.8,0.011367876,1.35991929,0.984322082,,,,,,,,,,,,,,,,,,,,,,,,,,,,,,,
1420,Viburnum,3,1.951298701,0.011677799,1.408243689,0.97847875,,,,,,,,,,,,,,,,,,,,,,,,,,,,,,,
661,Viburnum,3,1.97359736,0.01161959,1.378781883,0.982391769,,,,,,,,,,,,,,,,,,,,,,,,,,,,,,,
1474,Viburnum,3,1.907051282,0.011327218,1.413161801,0.98670982,,,,,,,,,,,,,,,,,,,,,,,,,,,,,,,
1570,Viburnum,3,1.841772152,0.011527969,1.397581938,0.985612433,,,,,,,,,,,,,,,,,,,,,,,,,,,,,,,
1300,Viburnum,3,2.054607509,0.011651106,1.343197429,0.98380663,,,,,,,,,,,,,,,,,,,,,,,,,,,,,,,
556,Viburnum,8,1.858934169,0.011564388,1.439210883,0.983419713,,,,,,,,,,,,,,,,,,,,,,,,,,,,,,,
1311,Viburnum,4,1.929032258,0.011682865,1.410924811,0.980038968,,,,,,,,,,,,,,,,,,,,,,,,,,,,,,,
336,Zelkova,39,2.218390805,0.013675573,1.712832087,0.920637316,,,,,,,,,,,,,,,,,,,,,,,,,,,,,,,
17,Zelkova,35,2.132258065,0.015092294,1.658210127,0.907170214,,,,,,,,,,,,,,,,,,,,,,,,,,,,,,,
1410,Zelkova,28,2.430434783,0.019563307,1.73825458,0.901633886,,,,,,,,,,,,,,,,,,,,,,,,,,,,,,,
1136,Zelkova,33,2.584415584,0.019601066,1.702219315,0.895844287,,,,,,,,,,,,,,,,,,,,,,,,,,,,,,,
535,Zelkova,31,2.375,0.01708598,1.655859551,0.928309832,,,,,,,,,,,,,,,,,,,,,,,,,,,,,,,
1265,Zelkova,41,2.45659164,0.014468304,1.698481686,0.901807484,,,,,,,,,,,,,,,,,,,,,,,,,,,,,,,
993,Zelkova,34,1.959885387,0.013372796,1.620456983,0.917678859,,,,,,,,,,,,,,,,,,,,,,,,,,,,,,,
1198,Zelkova,32,2.213286713,0.015639756,1.597849975,0.922016974,,,,,,,,,,,,,,,,,,,,,,,,,,,,,,,
1443,Zelkova,35,2.330677291,0.018418891,1.698830308,0.913794486,,,,,,,,,,,,,,,,,,,,,,,,,,,,,,,
718,Zelkova,28,2.217213115,0.019245369,1.670260148,0.916521505,,,,,,,,,,,,,,,,,,,,,,,,,,,,,,,